,matchId,game_result,summoner_1_win_avg,summoner_1_visionScore_avg,summoner_1_turretKills_avg,summoner_1_totalDamageDealt_avg,summoner_1_goldEarned_avg,summoner_1_dragonKills_avg,summoner_1_damageDealtToObjectives_avg,summoner_1_assists_avg,summoner_1_deaths_avg,summoner_1_kills_avg,summoner_2_win_avg,summoner_2_visionScore_avg,summoner_2_turretKills_avg,summoner_2_totalDamageDealt_avg,summoner_2_goldEarned_avg,summoner_2_dragonKills_avg,summoner_2_damageDealtToObjectives_avg,summoner_2_assists_avg,summoner_2_deaths_avg,summoner_2_kills_avg,summoner_3_win_avg,summoner_3_visionScore_avg,summoner_3_turretKills_avg,summoner_3_totalDamageDealt_avg,summoner_3_goldEarned_avg,summoner_3_dragonKills_avg,summoner_3_damageDealtToObjectives_avg,summoner_3_assists_avg,summoner_3_deaths_avg,summoner_3_kills_avg,summoner_4_win_avg,summoner_4_visionScore_avg,summoner_4_turretKills_avg,summoner_4_totalDamageDealt_avg,summoner_4_goldEarned_avg,summoner_4_dragonKills_avg,summoner_4_damageDealtToObjectives_avg,summoner_4_assists_avg,summoner_4_deaths_avg,summoner_4_kills_avg,summoner_5_win_avg,summoner_5_visionScore_avg,summoner_5_turretKills_avg,summoner_5_totalDamageDealt_avg,summoner_5_goldEarned_avg,summoner_5_dragonKills_avg,summoner_5_damageDealtToObjectives_avg,summoner_5_assists_avg,summoner_5_deaths_avg,summoner_5_kills_avg,summoner_6_win_avg,summoner_6_visionScore_avg,summoner_6_turretKills_avg,summoner_6_totalDamageDealt_avg,summoner_6_goldEarned_avg,summoner_6_dragonKills_avg,summoner_6_damageDealtToObjectives_avg,summoner_6_assists_avg,summoner_6_deaths_avg,summoner_6_kills_avg,summoner_7_win_avg,summoner_7_visionScore_avg,summoner_7_turretKills_avg,summoner_7_totalDamageDealt_avg,summoner_7_goldEarned_avg,summoner_7_dragonKills_avg,summoner_7_damageDealtToObjectives_avg,summoner_7_assists_avg,summoner_7_deaths_avg,summoner_7_kills_avg,summoner_8_win_avg,summoner_8_visionScore_avg,summoner_8_turretKills_avg,summoner_8_totalDamageDealt_avg,summoner_8_goldEarned_avg,summoner_8_dragonKills_avg,summoner_8_damageDealtToObjectives_avg,summoner_8_assists_avg,summoner_8_deaths_avg,summoner_8_kills_avg,summoner_9_win_avg,summoner_9_visionScore_avg,summoner_9_turretKills_avg,summoner_9_totalDamageDealt_avg,summoner_9_goldEarned_avg,summoner_9_dragonKills_avg,summoner_9_damageDealtToObjectives_avg,summoner_9_assists_avg,summoner_9_deaths_avg,summoner_9_kills_avg,summoner_10_win_avg,summoner_10_visionScore_avg,summoner_10_turretKills_avg,summoner_10_totalDamageDealt_avg,summoner_10_goldEarned_avg,summoner_10_dragonKills_avg,summoner_10_damageDealtToObjectives_avg,summoner_10_assists_avg,summoner_10_deaths_avg,summoner_10_kills_avg
0,EUW1_5536504004,1,0.58,16.18,1.2,110204.78,11878.94,0.14,8688.56,6.96,6.56,6.0,0.5918367346938775,24.46938775510204,1.0816326530612246,144004.5918367347,11854.285714285714,1.2244897959183674,18249.775510204083,8.693877551020408,4.530612244897959,8.36734693877551,0.6,24.32,1.34,141258.38,11279.48,0.1,8238.8,7.54,3.9,5.04,0.5918367346938775,26.73469387755102,1.6734693877551021,129004.9387755102,12235.673469387755,0.08163265306122448,9063.775510204081,8.183673469387756,6.061224489795919,8.142857142857142,0.54,52.44,0.52,45969.54,7953.56,0.0,3602.48,14.18,7.04,2.34,0.5714285714285714,22.510204081632654,1.6734693877551021,132280.4693877551,11354.551020408164,0.16326530612244897,8843.183673469388,5.979591836734694,5.0,5.36734693877551,0.38,34.96,1.32,162626.7,11240.82,1.38,21272.26,5.7,5.36,6.48,0.5102040816326531,25.510204081632654,0.8979591836734694,133824.73469387754,11248.163265306122,0.12244897959183673,6200.428571428572,7.26530612244898,5.836734693877551,5.938775510204081,0.58,20.7,1.98,116821.04,11009.32,0.1,9754.86,6.16,4.96,7.08,0.5918367346938775,48.224489795918366,0.16326530612244897,29267.224489795917,7953.65306122449,0.08163265306122448,1838.938775510204,12.83673469387755,4.8979591836734695,3.979591836734694
1,EUW1_5536449654,0,0.68,24.06,2.36,167182.42,13041.48,0.02,11134.64,6.06,6.5,6.78,0.4489795918367347,19.224489795918366,0.673469387755102,118895.22448979592,10313.959183673469,1.346938775510204,17888.0,6.346938775510204,5.591836734693878,8.653061224489797,0.56,20.02,1.1,115690.78,10551.5,0.06,6178.02,7.56,4.92,4.92,0.5918367346938775,26.816326530612244,1.7142857142857142,129608.44897959183,12232.877551020409,0.12244897959183673,9746.551020408164,8.040816326530612,6.0,8.224489795918368,0.58,40.66,0.52,31112.74,7670.34,0.06,2329.62,12.3,4.82,2.6,0.5510204081632653,23.53061224489796,1.4081632653061225,166466.1224489796,12271.938775510203,0.20408163265306123,13838.69387755102,4.36734693877551,5.510204081632653,5.816326530612245,0.54,29.82,0.84,150613.24,10998.38,1.3,19089.7,7.74,4.08,6.12,0.5714285714285714,20.244897959183675,1.2653061224489797,125888.48979591837,11382.979591836734,0.24489795918367346,8938.959183673469,7.653061224489796,5.489795918367347,7.836734693877551,0.5,34.68,0.86,94547.28,10584.86,0.06,6597.18,8.06,6.16,6.34,0.5714285714285714,46.48979591836735,0.32653061224489793,44845.30612244898,8971.897959183674,0.061224489795918366,2341.061224489796,14.489795918367347,5.142857142857143,4.142857142857143
2,EUW1_5535506886,1,0.6,21.26,1.92,141465.32,11729.46,0.12,9379.98,5.48,5.92,6.44,0.5102040816326531,28.0,0.8163265306122449,137414.0,10741.959183673469,1.2857142857142858,19872.163265306124,7.979591836734694,6.1020408163265305,5.795918367346939,0.6,26.96,1.7,129676.0,12267.8,0.12,9673.8,8.2,6.04,8.28,0.5918367346938775,27.020408163265305,1.7959183673469388,145983.0,12618.591836734693,0.04081632653061224,10026.489795918367,7.26530612244898,7.26530612244898,7.938775510204081,0.56,46.98,0.28,32280.68,8031.78,0.02,1706.68,13.66,5.66,3.2,0.3673469387755102,19.448979591836736,1.2040816326530612,112275.69387755102,11405.367346938776,0.16326530612244897,8176.6122448979595,5.836734693877551,6.612244897959184,5.326530612244898,0.42,22.84,1.0,129864.82,10684.9,0.48,14440.36,7.26,6.5,7.78,0.40816326530612246,12.16326530612245,1.3061224489795917,127849.38775510204,13562.897959183674,0.16326530612244897,11331.959183673469,5.163265306122449,5.816326530612245,6.653061224489796,0.6,17.8,1.76,144213.18,12131.84,0.1,10031.72,7.3,6.54,7.42,0.4897959183673469,33.53061224489796,0.8775510204081632,92992.83673469388,10335.42857142857,0.10204081632653061,5900.469387755102,9.306122448979592,5.26530612244898,3.816326530612245
3,EUW1_5535440977,0,0.56,26.24,0.52,98936.46,9677.04,0.02,4164.2,10.12,5.96,4.0,0.6326530612244898,27.79591836734694,0.8163265306122449,182019.55102040817,12397.65306122449,1.4489795918367347,22460.591836734693,10.183673469387756,6.551020408163265,8.36734693877551,0.6170212765957447,23.78723404255319,0.8085106382978723,168792.48936170212,12636.425531914894,1.0851063829787233,15941.531914893618,7.51063829787234,4.446808510638298,8.872340425531915,0.58,21.42,1.88,133710.26,13168.14,0.1,10080.92,5.36,5.16,9.92,0.5306122448979592,58.673469387755105,0.16326530612244897,25164.081632653062,7394.0,0.0,1015.5918367346939,14.285714285714286,5.244897959183674,1.6734693877551021,0.6,26.96,1.7,129676.0,12267.8,0.12,9673.8,8.2,6.04,8.28,0.42857142857142855,19.224489795918366,0.673469387755102,120463.51020408163,10367.510204081633,1.3061224489795917,17676.918367346938,6.469387755102041,5.673469387755102,8.489795918367347,0.64,19.4,1.0,125798.68,11020.54,0.28,8340.82,6.56,4.7,7.2,0.6122448979591837,19.897959183673468,1.5918367346938775,122709.79591836735,10869.142857142857,0.12244897959183673,9241.387755102041,7.387755102040816,5.408163265306122,6.122448979591836,0.42,46.54,0.28,35418.02,7447.54,0.02,1981.6,11.04,5.66,2.0
4,EUW1_5535353682,0,0.5510204081632653,30.489795918367346,1.6122448979591837,129506.14285714286,11159.857142857143,0.12244897959183673,9329.591836734693,7.551020408163265,7.224489795918367,4.795918367346939,0.52,21.58,1.1,137606.0,10742.9,0.7,17299.26,7.02,6.22,7.26,0.4489795918367347,21.836734693877553,1.0612244897959184,146103.2857142857,11473.775510204081,0.24489795918367346,8844.591836734693,6.387755102040816,5.6938775510204085,5.877551020408164,0.42,47.44,0.78,55520.6,9053.76,0.12,4381.52,12.26,6.0,3.62,0.6326530612244898,53.816326530612244,1.2244897959183674,52796.95918367347,9984.020408163266,0.1836734693877551,6883.755102040816,13.36734693877551,4.591836734693878,3.9183673469387754,0.5,38.74,0.88,82145.32,9179.24,0.04,3667.02,7.98,4.3,3.82,0.6122448979591837,27.632653061224488,0.8163265306122449,180217.97959183675,12274.102040816326,1.4489795918367347,22295.816326530614,10.040816326530612,6.571428571428571,8.16326530612245,0.6,26.96,1.7,129676.0,12267.8,0.12,9673.8,8.2,6.04,8.28,0.5714285714285714,17.693877551020407,1.346938775510204,113235.24489795919,11631.69387755102,0.061224489795918366,8568.387755102041,8.428571428571429,6.081632653061225,6.122448979591836,0.6,59.46,0.44,30082.12,7243.46,0.0,3011.96,12.66,4.3,1.7
5,EUW1_5535256864,1,0.32653061224489793,20.081632653061224,1.0204081632653061,104871.69387755102,9831.591836734693,0.04081632653061224,4989.9795918367345,5.0,5.1020408163265305,3.877551020408163,0.64,22.12,0.6,159653.44,12041.64,1.46,17738.6,8.34,5.94,9.7,0.5102040816326531,39.12244897959184,0.8571428571428571,81299.12244897959,9145.142857142857,0.04081632653061224,3656.081632653061,7.857142857142857,4.3061224489795915,3.8979591836734695,0.6,26.96,1.7,129676.0,12267.8,0.12,9673.8,8.2,6.04,8.28,0.5510204081632653,40.89795918367347,0.4897959183673469,51672.77551020408,10203.510204081633,0.0,1592.1836734693877,17.428571428571427,7.489795918367347,5.755102040816326,0.52,23.72,1.84,123761.9,11384.84,0.14,10161.62,5.56,6.08,6.22,0.4489795918367347,19.448979591836736,0.673469387755102,120618.32653061225,10412.061224489797,1.346938775510204,18027.408163265307,6.408163265306122,5.428571428571429,8.73469387755102,0.52,18.36,0.92,116536.72,10927.22,0.02,5110.32,6.58,5.74,6.08,0.5306122448979592,18.79591836734694,0.8775510204081632,114217.89795918367,10808.69387755102,0.14285714285714285,6635.530612244898,7.551020408163265,4.061224489795919,5.673469387755102,0.4,48.42,0.54,50565.54,9156.2,0.02,2625.14,13.68,5.54,4.38
6,EUW1_5535207676,0,0.5306122448979592,19.102040816326532,1.510204081632653,131981.16326530612,11271.489795918367,0.14285714285714285,7769.081632653061,5.26530612244898,6.1020408163265305,6.3061224489795915,0.54,23.66,0.78,148903.62,11588.9,1.22,21079.28,8.1,5.1,8.08,0.5918367346938775,27.346938775510203,1.6938775510204083,128054.5306122449,12211.102040816326,0.10204081632653061,9571.591836734693,8.204081632653061,5.938775510204081,8.326530612244898,0.62,21.46,0.62,111241.7,10317.0,0.12,4336.18,8.24,5.32,5.24,0.4489795918367347,60.0,0.22448979591836735,32987.204081632655,7582.877551020408,0.0,2481.0,12.26530612244898,5.918367346938775,2.163265306122449,0.46,19.22,1.4,108485.94,10413.36,0.06,6579.46,4.56,5.64,5.32,0.5102040816326531,21.46938775510204,1.1224489795918366,137885.4081632653,10752.714285714286,0.673469387755102,16995.918367346938,6.8979591836734695,6.224489795918367,7.26530612244898,0.68,27.34,1.44,133186.7,11772.28,0.14,8930.9,8.52,4.78,6.7,0.4897959183673469,39.0,0.5918367346938775,44662.897959183676,8075.0,0.04081632653061224,2880.714285714286,11.326530612244898,5.26530612244898,2.836734693877551,0.52,55.9,0.36,22708.72,7017.76,0.0,2501.5,13.88,3.44,1.36
7,EUW1_5535153385,1,0.42857142857142855,22.306122448979593,1.3877551020408163,165874.0,11998.42857142857,0.32653061224489793,10165.795918367347,6.142857142857143,8.653061224489797,5.408163265306122,0.6,28.18,1.02,147657.42,11664.84,1.46,18136.8,7.06,5.68,8.0,0.5918367346938775,27.040816326530614,1.7142857142857142,128556.73469387754,12247.775510204081,0.10204081632653061,9660.061224489797,8.122448979591837,5.938775510204081,8.387755102040817,0.52,21.58,1.1,137606.0,10742.9,0.7,17299.26,7.02,6.22,7.26,0.3877551020408163,55.6530612244898,0.22448979591836735,30883.244897959183,7516.510204081633,0.0,1187.8775510204082,11.510204081632653,5.612244897959184,2.326530612244898,0.46,19.22,1.4,108485.94,10413.36,0.06,6579.46,4.56,5.64,5.32,0.4489795918367347,26.653061224489797,0.9183673469387755,160790.4081632653,11485.244897959185,1.2857142857142858,22082.14285714286,5.775510204081633,6.775510204081633,7.551020408163265,0.48,17.92,0.6,106524.24,11248.78,0.1,4620.44,11.24,5.74,6.44,0.48,20.96,1.42,115677.52,10701.36,0.16,7925.86,6.68,4.82,6.12,0.5306122448979592,59.57142857142857,0.32653061224489793,47904.244897959186,8979.897959183674,0.10204081632653061,3139.0204081632655,13.387755102040817,5.775510204081633,3.7755102040816326
8,EUW1_5534425192,0,0.46,21.94,1.58,135436.22,11489.26,0.12,9081.08,4.9,5.28,5.46,0.5102040816326531,21.632653061224488,1.0204081632653061,137417.4693877551,10744.65306122449,0.6530612244897959,16815.469387755104,6.979591836734694,6.26530612244898,7.285714285714286,0.5,26.58,1.0,117570.1,11304.5,0.06,6998.5,8.36,6.16,6.26,0.5918367346938775,27.224489795918366,1.7142857142857142,128810.38775510204,12253.224489795919,0.10204081632653061,9697.69387755102,8.224489795918368,5.938775510204081,8.285714285714286,0.66,68.28,0.32,36734.06,8787.6,0.0,1844.16,16.32,4.56,2.96,0.5714285714285714,24.20408163265306,1.3673469387755102,125668.71428571429,10920.734693877552,1.6122448979591837,22659.14285714286,7.510204081632653,6.081632653061225,8.877551020408163,0.46,29.68,0.56,124091.94,10030.9,0.86,15236.94,9.76,4.98,5.02,0.6326530612244898,22.816326530612244,1.1020408163265305,128078.1836734694,11284.673469387755,0.061224489795918366,7220.877551020408,8.979591836734693,5.26530612244898,6.795918367346939,0.64,26.66,1.96,157334.68,12608.74,0.12,13524.52,7.4,4.28,8.1,0.42857142857142855,65.34693877551021,0.40816326530612246,42979.204081632655,8396.244897959185,0.08163265306122448,3541.061224489796,12.53061224489796,6.142857142857143,3.3469387755102042
9,EUW1_5534419745,0,0.4,12.18,1.28,127249.74,13503.74,0.16,11135.04,5.14,5.88,6.7,0.5510204081632653,27.163265306122447,1.0204081632653061,142067.0612244898,11559.265306122448,0.9795918367346939,19188.367346938776,7.979591836734694,6.877551020408164,9.326530612244898,0.56,27.12,1.6,128061.84,12163.44,0.1,9215.58,8.04,5.96,8.24,0.4489795918367347,21.0,1.2244897959183674,131524.2857142857,10837.489795918367,0.22448979591836735,8995.510204081633,5.959183673469388,5.204081632653061,6.0,0.48,47.08,0.58,26623.46,7953.96,0.04,2681.1,13.0,5.88,2.72,0.6326530612244898,19.142857142857142,2.8979591836734695,130466.55102040817,11758.367346938776,0.04081632653061224,11453.897959183674,4.653061224489796,4.142857142857143,6.346938775510204,0.72,23.76,1.26,183016.16,12865.24,1.76,27683.58,8.54,3.42,7.98,0.5918367346938775,25.408163265306122,0.7755102040816326,126074.67346938775,10141.816326530612,1.1428571428571428,20799.0,8.693877551020408,5.73469387755102,6.26530612244898,0.6,19.66,1.56,120936.98,10757.28,0.12,9104.56,7.32,5.46,6.02,0.5510204081632653,34.204081632653065,0.5714285714285714,78427.4693877551,12192.265306122448,0.08163265306122448,3380.0204081632655,16.428571428571427,7.469387755102041,9.122448979591837
10,EUW1_5534335868,0,0.5,16.8,0.94,89109.86,9711.66,0.04,5315.56,8.48,6.26,4.14,0.5714285714285714,21.693877551020407,1.1428571428571428,161443.55102040817,12657.877551020409,0.12244897959183673,9680.489795918367,6.285714285714286,6.163265306122449,6.938775510204081,0.56,27.12,1.6,128061.84,12163.44,0.1,9215.58,8.04,5.96,8.24,0.5102040816326531,22.714285714285715,1.5714285714285714,156408.97959183675,12630.42857142857,0.2653061224489796,9373.408163265307,8.89795918367347,5.836734693877551,7.1020408163265305,0.58,39.26,1.7,116134.6,10938.22,0.1,10221.58,10.62,4.04,5.08,0.5306122448979592,30.346938775510203,1.6122448979591837,129049.14285714286,11074.122448979591,0.12244897959183673,9353.734693877552,7.326530612244898,7.142857142857143,4.6938775510204085,0.48,29.32,0.6,145388.0,11189.82,0.62,16926.84,7.18,5.86,7.48,0.5306122448979592,32.02040816326531,0.6122448979591837,110997.0,10548.510204081633,0.12244897959183673,4676.408163265306,9.244897959183673,4.428571428571429,5.244897959183674,0.52,28.86,1.44,135319.22,11446.0,0.08,8092.84,6.78,5.92,5.84,0.6530612244897959,60.44897959183673,0.8367346938775511,40899.95918367347,8985.979591836734,0.02040816326530612,3733.408163265306,13.510204081632653,4.959183673469388,4.346938775510204
11,EUW1_5534269309,0,0.44,21.28,1.58,129054.36,11454.94,0.2,9353.88,5.64,5.2,6.04,0.46938775510204084,22.163265306122447,0.30612244897959184,132113.83673469388,10404.591836734693,0.7142857142857143,11228.775510204081,6.591836734693878,4.510204081632653,8.10204081632653,0.44,16.72,1.22,132042.36,11328.6,0.04,6231.1,4.78,6.16,6.48,0.5918367346938775,22.387755102040817,1.7346938775510203,136664.8775510204,11138.367346938776,0.14285714285714285,12035.224489795919,6.1020408163265305,5.489795918367347,5.244897959183674,0.54,31.96,0.6,110642.38,10529.28,0.12,4592.12,9.3,4.38,5.26,0.6122448979591837,20.510204081632654,1.3673469387755102,133165.42857142858,11883.632653061224,0.16326530612244897,9291.65306122449,7.183673469387755,5.959183673469388,6.489795918367347,0.48,24.6,0.78,145295.58,10103.96,0.74,15501.44,8.48,4.28,5.98,0.40816326530612246,12.16326530612245,1.3061224489795917,127849.38775510204,13562.897959183674,0.16326530612244897,11331.959183673469,5.163265306122449,5.816326530612245,6.653061224489796,0.56,27.12,1.6,128061.84,12163.44,0.1,9215.58,8.04,5.96,8.24,0.6326530612244898,58.12244897959184,0.3673469387755102,14727.551020408164,8111.040816326531,0.08163265306122448,1818.7551020408164,17.591836734693878,3.7346938775510203,2.4489795918367347
12,EUW1_5533205697,0,0.46,16.78,1.22,107817.28,10569.92,0.02,4306.18,8.08,7.3,4.88,0.5102040816326531,32.53061224489796,0.8163265306122449,120617.16326530612,10045.285714285714,1.0408163265306123,13579.510204081633,7.63265306122449,4.428571428571429,5.510204081632653,0.5510204081632653,27.102040816326532,1.5714285714285714,128427.26530612246,12171.081632653062,0.10204081632653061,9198.938775510203,8.040816326530612,5.959183673469388,8.244897959183673,0.56,24.44,1.68,138360.38,11117.94,0.32,11212.46,7.98,4.4,4.86,0.40816326530612246,46.816326530612244,0.5510204081632653,51256.551020408166,9127.795918367347,0.08163265306122448,2950.8979591836733,11.448979591836734,5.918367346938775,4.346938775510204,0.54,14.72,0.58,70667.22,10530.02,0.04,3100.74,12.54,5.74,6.42,0.42857142857142855,27.183673469387756,0.9387755102040817,178692.02040816325,12167.836734693878,1.3265306122448979,20848.326530612245,7.020408163265306,5.673469387755102,7.918367346938775,0.5833333333333334,20.5,1.1875,127582.14583333333,12175.979166666666,0.041666666666666664,5531.729166666667,9.583333333333334,6.6875,7.333333333333333,0.3877551020408163,28.367346938775512,1.2040816326530612,119394.73469387754,10667.530612244898,0.16326530612244897,7566.775510204082,6.326530612244898,5.8979591836734695,5.73469387755102,0.56,59.54,0.44,34685.64,7905.18,0.0,2410.82,12.88,6.7,2.14
13,EUW1_5533147461,0,0.5306122448979592,18.6734693877551,1.489795918367347,130116.22448979592,11265.551020408164,0.14285714285714285,7882.9795918367345,5.061224489795919,6.061224489795919,6.530612244897959,0.54,24.18,1.26,144018.08,11287.08,1.28,24318.66,7.74,5.96,6.94,0.5510204081632653,18.367346938775512,0.7142857142857143,112093.71428571429,10873.408163265307,0.14285714285714285,5522.142857142857,7.489795918367347,5.3061224489795915,6.551020408163265,0.58,14.5,1.56,112090.8,10559.14,0.16,9739.6,6.92,4.88,6.3,0.5510204081632653,49.755102040816325,0.6530612244897959,45403.244897959186,9414.836734693878,0.061224489795918366,3105.183673469388,14.244897959183673,5.142857142857143,3.9591836734693877,0.48,15.12,0.96,115511.06,10264.2,0.06,5682.28,6.78,6.06,4.32,0.6326530612244898,21.857142857142858,0.6122448979591837,159293.4081632653,12050.469387755102,1.4489795918367347,17553.571428571428,8.36734693877551,5.959183673469388,9.714285714285714,0.56,27.12,1.6,128061.84,12163.44,0.1,9215.58,8.04,5.96,8.24,0.5714285714285714,16.816326530612244,1.836734693877551,141720.6326530612,11800.918367346938,0.16326530612244897,11333.224489795919,8.306122448979592,5.673469387755102,6.204081632653061,0.62,41.78,0.72,67687.68,9399.44,0.06,4488.86,12.14,5.16,4.34
14,EUW1_5533047810,1,0.6326530612244898,23.408163265306122,1.9183673469387754,138745.8775510204,11831.857142857143,0.08163265306122448,10822.102040816326,6.612244897959184,4.163265306122449,6.530612244897959,0.56,31.32,0.68,142776.28,11564.48,1.16,17567.78,7.64,5.84,8.32,0.5510204081632653,22.6734693877551,1.6938775510204083,159191.4081632653,12797.959183673469,0.22448979591836735,10383.959183673469,7.714285714285714,6.653061224489796,7.36734693877551,0.48,46.58,0.76,66742.9,9134.56,0.14,5349.34,11.52,5.72,3.62,0.5102040816326531,59.755102040816325,0.4489795918367347,69145.9387755102,10639.510204081633,0.0,3094.7551020408164,16.163265306122447,8.020408163265307,6.285714285714286,0.46,16.78,1.22,107817.28,10569.92,0.02,4306.18,8.08,7.3,4.88,0.4489795918367347,18.857142857142858,0.8979591836734694,147538.48979591837,11532.632653061224,0.8571428571428571,15352.367346938776,6.673469387755102,6.775510204081633,6.448979591836735,0.56,27.12,1.6,128061.84,12163.44,0.1,9215.58,8.04,5.96,8.24,0.5714285714285714,19.755102040816325,1.183673469387755,128645.48979591837,11519.040816326531,0.2857142857142857,8639.326530612245,7.938775510204081,6.1020408163265305,7.489795918367347,0.64,53.84,1.2,52244.64,9946.92,0.18,6819.64,13.48,4.58,3.86
15,EUW1_5532995186,1,0.6530612244897959,27.714285714285715,1.7142857142857142,143249.9387755102,12407.632653061224,0.10204081632653061,10208.530612244898,7.36734693877551,5.020408163265306,6.489795918367347,0.62,25.68,0.86,155709.76,11265.4,1.24,18319.5,7.14,5.94,7.98,0.5510204081632653,27.3265306122449,1.6122448979591837,128565.4693877551,12230.775510204081,0.10204081632653061,9315.42857142857,8.020408163265307,6.020408163265306,8.36734693877551,0.44,13.3,1.14,139784.5,12311.48,0.1,7423.18,8.36,7.18,8.66,0.4489795918367347,65.20408163265306,0.22448979591836735,19560.469387755104,7386.183673469388,0.0,1308.938775510204,13.673469387755102,5.26530612244898,1.469387755102041,0.34,20.06,1.02,105184.48,9872.62,0.04,5094.76,5.04,5.1,3.9,0.46938775510204084,17.142857142857142,1.1224489795918366,127224.71428571429,11402.938775510203,0.5918367346938775,11286.204081632653,5.877551020408164,7.510204081632653,8.53061224489796,0.5833333333333334,23.25,0.7916666666666666,166981.1875,12460.604166666666,1.0208333333333333,15208.958333333334,7.333333333333333,4.541666666666667,8.625,0.5510204081632653,23.06122448979592,1.8979591836734695,151222.83673469388,12336.142857142857,0.22448979591836735,10897.877551020409,7.142857142857143,4.326530612244898,7.020408163265306,0.42,47.44,0.78,55520.6,9053.76,0.12,4381.52,12.26,6.0,3.62
16,EUW1_5532961132,1,0.4489795918367347,24.755102040816325,1.8571428571428572,141197.26530612246,11812.877551020409,0.10204081632653061,10908.34693877551,5.591836734693878,5.714285714285714,5.3061224489795915,0.54,21.66,0.64,126791.36,11341.08,1.02,14229.82,10.42,4.22,7.6,0.5510204081632653,27.081632653061224,1.5918367346938775,127752.10204081633,12170.34693877551,0.10204081632653061,9135.836734693878,8.10204081632653,6.0,8.244897959183673,0.6,29.2,1.98,162870.12,12955.68,0.12,13464.18,7.9,4.98,7.3,0.3877551020408163,52.775510204081634,0.22448979591836735,15712.040816326531,6711.285714285715,0.02040816326530612,1467.1224489795918,11.73469387755102,6.204081632653061,1.0612244897959184,0.52,30.44,1.58,129465.64,11070.2,0.12,9283.42,7.4,7.2,4.66,0.42857142857142855,19.040816326530614,0.6326530612244898,119405.9387755102,10346.020408163266,1.3061224489795917,17654.918367346938,6.428571428571429,5.653061224489796,8.673469387755102,0.46,26.82,1.44,128420.76,11350.54,0.34,10136.82,7.56,4.46,6.5,0.52,16.92,1.9,138779.9,12969.58,0.12,8188.58,7.64,6.34,8.76,0.4897959183673469,58.93877551020408,0.6122448979591837,27085.551020408162,7869.918367346939,0.04081632653061224,3373.5714285714284,13.448979591836734,4.857142857142857,2.3877551020408165
17,EUW1_5532945721,0,0.36,8.12,0.7,91955.9,9497.16,0.08,4824.08,4.36,5.38,5.28,0.4489795918367347,19.224489795918366,0.673469387755102,119764.08163265306,10301.408163265307,1.3673469387755102,17982.102040816328,6.387755102040816,5.63265306122449,8.551020408163266,0.48,19.6,0.76,97789.9,9254.76,0.06,3774.48,8.22,4.9,3.94,0.3877551020408163,21.387755102040817,1.0,149019.51020408163,12326.469387755102,0.061224489795918366,7681.551020408163,9.959183673469388,6.653061224489796,6.326530612244898,0.38,52.64,0.22,15702.86,6705.4,0.02,1452.7,11.72,6.24,1.08,0.7142857142857143,19.06122448979592,1.2040816326530612,97300.95918367348,11746.061224489797,0.16326530612244897,7709.510204081633,9.816326530612244,4.163265306122449,6.877551020408164,0.62,22.56,1.36,157545.96,12532.44,1.64,24136.46,6.38,6.26,9.98,0.5510204081632653,27.020408163265305,1.5918367346938775,127537.20408163265,12099.102040816326,0.10204081632653061,9216.30612244898,8.040816326530612,5.979591836734694,8.081632653061224,0.52,16.92,1.9,138779.9,12969.58,0.12,8188.58,7.64,6.34,8.76,0.6122448979591837,62.10204081632653,0.20408163265306123,23017.020408163266,7707.448979591837,0.02040816326530612,2140.5714285714284,13.877551020408163,4.510204081632653,1.8775510204081634
18,EUW1_5532570608,1,0.56,27.12,1.6,128061.84,12163.44,0.1,9215.58,8.04,5.96,8.24,0.5102040816326531,34.46938775510204,1.2244897959183674,160667.7142857143,11933.244897959185,1.163265306122449,23850.061224489797,9.428571428571429,5.0,7.530612244897959,0.6,17.4,1.22,103991.44,11250.38,0.04,4178.02,6.58,6.22,9.16,0.5306122448979592,27.306122448979593,1.8775510204081634,148245.0,12286.408163265307,0.14285714285714285,11757.857142857143,7.959183673469388,5.469387755102041,7.326530612244898,0.4,26.64,0.96,108483.2,10270.78,0.06,5622.28,6.54,5.14,4.4,0.5510204081632653,18.755102040816325,1.6326530612244898,164063.6326530612,12605.244897959185,0.061224489795918366,8493.65306122449,6.163265306122449,5.224489795918367,6.612244897959184,0.6,22.56,0.78,172885.84,12161.0,1.22,19334.0,6.68,4.72,8.72,0.46938775510204084,26.755102040816325,1.4489795918367347,127993.5306122449,11339.530612244898,0.3469387755102041,10254.020408163266,7.510204081632653,4.469387755102041,6.530612244897959,0.56,22.92,2.08,161088.46,13128.68,0.18,11819.9,7.68,6.82,8.64,0.3877551020408163,45.97959183673469,0.2653061224489796,23241.48979591837,7058.142857142857,0.02040816326530612,1526.061224489796,12.224489795918368,5.591836734693878,2.673469387755102
19,EUW1_5532543948,0,0.54,19.04,2.08,153165.6,12642.96,0.26,13236.46,4.84,5.12,6.48,0.42857142857142855,16.591836734693878,1.1020408163265305,123644.9387755102,11223.57142857143,0.5102040816326531,10773.57142857143,5.591836734693878,7.63265306122449,8.346938775510203,0.6,17.4,1.22,103991.44,11250.38,0.04,4178.02,6.58,6.22,9.16,0.40816326530612246,27.551020408163264,1.4285714285714286,126263.20408163265,10863.714285714286,0.1836734693877551,9334.204081632653,6.244897959183674,5.755102040816326,5.6938775510204085,0.38,45.8,0.26,23023.98,7025.8,0.02,1495.54,12.06,5.6,2.66,0.6530612244897959,31.306122448979593,1.6122448979591837,108325.55102040817,10628.69387755102,0.10204081632653061,8213.918367346938,6.428571428571429,2.938775510204082,4.551020408163265,0.52,34.6,1.24,163329.66,12109.78,1.22,24276.64,9.64,4.98,7.76,0.5918367346938775,18.775510204081634,1.0816326530612246,136888.81632653062,11483.367346938776,0.16326530612244897,6445.7959183673465,6.0,5.63265306122449,6.816326530612245,0.46,22.14,1.86,148038.74,12122.32,0.1,11043.8,6.54,6.2,6.52,0.5714285714285714,27.285714285714285,1.6326530612244898,128877.51020408163,12212.387755102041,0.10204081632653061,9248.632653061224,8.0,5.918367346938775,8.306122448979592
20,EUW1_5532370424,0,0.56,27.12,1.6,128061.84,12163.44,0.1,9215.58,8.04,5.96,8.24,0.4489795918367347,16.489795918367346,1.1224489795918366,123377.97959183673,11290.816326530612,0.5102040816326531,10755.877551020409,5.510204081632653,7.591836734693878,8.551020408163266,0.54,25.08,1.1,124004.66,11283.68,0.04,4897.18,6.12,4.24,6.26,0.4489795918367347,15.244897959183673,1.2653061224489797,122040.36734693877,10459.816326530612,0.02040816326530612,6950.306122448979,5.591836734693878,7.1020408163265305,6.285714285714286,0.4,46.26,0.54,51547.88,9174.58,0.08,2909.16,11.44,6.0,4.46,0.4489795918367347,21.26530612244898,1.0816326530612246,114916.63265306123,10494.142857142857,0.08163265306122448,6374.632653061224,5.73469387755102,5.63265306122449,4.673469387755102,0.52,34.6,1.24,163329.66,12109.78,1.22,24276.64,9.64,4.98,7.76,0.46938775510204084,15.489795918367347,1.1020408163265305,136970.22448979592,12177.755102040815,0.08163265306122448,6403.918367346939,6.469387755102041,5.285714285714286,7.26530612244898,0.46,22.14,1.86,148038.74,12122.32,0.1,11043.8,6.54,6.2,6.52,0.5510204081632653,21.26530612244898,1.0612244897959184,99094.59183673469,10500.0,0.061224489795918366,6209.673469387755,9.387755102040817,5.836734693877551,5.877551020408164
21,EUW1_5532394674,0,0.6,19.28,1.08,136882.46,11507.94,0.18,6569.56,5.96,5.58,6.88,0.42857142857142855,16.510204081632654,1.1224489795918366,123293.20408163265,11176.57142857143,0.5102040816326531,10656.42857142857,5.510204081632653,7.571428571428571,8.306122448979592,0.5306122448979592,18.571428571428573,0.9387755102040817,117881.26530612246,10999.42857142857,0.02040816326530612,5214.6122448979595,6.673469387755102,5.673469387755102,6.1020408163265305,0.46,22.14,1.86,148038.74,12122.32,0.1,11043.8,6.54,6.2,6.52,0.5714285714285714,74.91836734693878,0.14285714285714285,25356.775510204083,7519.428571428572,0.04081632653061224,1712.530612244898,13.673469387755102,5.469387755102041,2.0816326530612246,0.56,27.12,1.6,128061.84,12163.44,0.1,9215.58,8.04,5.96,8.24,0.5918367346938775,20.73469387755102,0.673469387755102,123054.02040816327,9924.775510204081,1.3061224489795917,15055.69387755102,10.204081632653061,3.979591836734694,6.530612244897959,0.62,23.84,1.34,141858.18,11624.74,0.18,9327.38,7.1,5.48,6.64,0.5714285714285714,20.775510204081634,1.4285714285714286,150171.61224489796,12214.163265306122,0.3673469387755102,9981.448979591836,7.428571428571429,4.408163265306122,7.428571428571429,0.54,56.02,0.38,22431.12,6964.5,0.0,2520.64,13.7,3.34,1.3
22,EUW1_5529423205,1,0.4489795918367347,16.632653061224488,1.183673469387755,107234.57142857143,10534.061224489797,0.02040816326530612,4218.0204081632655,8.122448979591837,7.26530612244898,4.816326530612245,0.48,14.72,0.28,130139.98,10531.5,0.7,11278.22,6.24,5.5,9.18,0.6530612244897959,20.693877551020407,1.1224489795918366,171074.0,12635.959183673469,0.04081632653061224,7980.306122448979,7.285714285714286,3.836734693877551,6.653061224489796,0.58,15.44,1.9,123907.8,13396.8,0.16,11134.24,6.52,6.52,9.52,0.5306122448979592,23.244897959183675,1.3265306122448979,131986.24489795917,11475.0,0.10204081632653061,9587.57142857143,6.755102040816326,5.163265306122449,6.061224489795919,0.56,27.12,1.6,128061.84,12163.44,0.1,9215.58,8.04,5.96,8.24,0.40816326530612246,19.591836734693878,1.2448979591836735,110631.57142857143,10204.591836734693,0.08163265306122448,6253.061224489796,5.326530612244898,5.020408163265306,4.877551020408164,0.6,22.8,1.1,133703.18,11771.74,0.12,5728.04,7.48,3.92,5.74,0.5714285714285714,27.836734693877553,1.9795918367346939,133142.18367346938,12943.551020408164,0.3469387755102041,12530.448979591836,6.877551020408164,5.530612244897959,9.591836734693878,0.5,48.0,0.28,43621.34,8828.32,0.04,2058.26,13.72,5.64,4.04
23,EUW1_5528716924,0,0.5714285714285714,27.163265306122447,1.6326530612244898,128872.6530612245,12215.122448979591,0.08163265306122448,9331.857142857143,8.081632653061224,5.918367346938775,8.26530612244898,0.6,21.02,0.66,124017.66,10020.14,1.28,14856.02,10.34,4.04,6.6,0.4489795918367347,22.93877551020408,1.0612244897959184,146303.73469387754,11603.061224489797,0.24489795918367346,8854.755102040815,6.551020408163265,5.816326530612245,6.020408163265306,0.48,23.74,1.44,136905.66,11403.92,0.26,8574.04,7.52,5.18,6.16,0.4897959183673469,53.224489795918366,0.3469387755102041,26287.38775510204,7602.081632653061,0.0,1458.1632653061224,12.979591836734693,5.224489795918367,2.4081632653061225,0.52,20.1,1.76,139827.84,11866.98,0.16,12833.78,4.26,4.16,7.22,0.4897959183673469,25.306122448979593,1.1224489795918366,134501.3673469388,10822.326530612245,1.0204081632653061,19917.061224489797,7.73469387755102,4.591836734693878,7.489795918367347,0.64,27.54,1.12,119914.88,11473.3,0.08,5750.54,9.02,4.38,6.18,0.5510204081632653,22.571428571428573,1.3265306122448979,127942.44897959183,11256.142857142857,0.061224489795918366,9006.204081632653,6.6938775510204085,5.163265306122449,5.795918367346939,0.54,56.02,0.38,22431.12,6964.5,0.0,2520.64,13.7,3.34,1.3
24,EUW1_5527791124,0,0.40816326530612246,17.163265306122447,2.2653061224489797,133058.24489795917,11254.65306122449,0.04081632653061224,10643.040816326531,5.775510204081633,5.224489795918367,4.448979591836735,0.56,27.12,1.6,128061.84,12163.44,0.1,9215.58,8.04,5.96,8.24,0.6938775510204082,16.714285714285715,0.7959183673469388,125191.36734693877,12513.448979591836,0.08163265306122448,4192.510204081633,11.89795918367347,7.836734693877551,8.387755102040817,0.48,45.84,1.06,80699.68,9888.98,0.08,5953.56,9.74,6.82,4.94,0.4897959183673469,58.3469387755102,0.42857142857142855,33987.87755102041,8251.469387755102,0.02040816326530612,3036.0204081632655,14.938775510204081,5.775510204081633,2.877551020408163,0.54,19.64,1.42,129440.06,12172.4,0.2,9464.22,5.74,6.44,8.3,0.5102040816326531,20.918367346938776,1.163265306122449,128088.67346938775,11103.163265306122,1.2244897959183674,19605.183673469386,8.142857142857142,4.612244897959184,6.63265306122449,0.48,57.48,0.3,29877.44,7841.26,0.0,1618.5,14.0,6.98,2.28,0.5510204081632653,22.448979591836736,1.4285714285714286,136714.97959183675,11749.857142857143,0.12244897959183673,9910.020408163266,7.163265306122449,5.428571428571429,6.938775510204081,0.5,53.74,0.26,38052.22,8158.7,0.02,1751.48,13.6,5.64,2.92
25,EUW1_5527658057,1,0.5102040816326531,26.428571428571427,1.3061224489795917,128303.1836734694,11185.183673469388,0.10204081632653061,6889.34693877551,5.877551020408164,4.73469387755102,6.3061224489795915,0.56,27.12,1.6,128061.84,12163.44,0.1,9215.58,8.04,5.96,8.24,0.5918367346938775,17.346938775510203,1.2448979591836735,103702.6530612245,11251.122448979591,0.02040816326530612,4112.469387755102,6.489795918367347,6.285714285714286,9.10204081632653,0.44,11.72,1.08,102800.88,10438.32,0.04,5358.9,6.5,6.62,6.0,0.5102040816326531,54.91836734693877,0.6530612244897959,23151.551020408162,8145.591836734694,0.0,3032.591836734694,13.285714285714286,5.142857142857143,2.489795918367347,0.4,21.5,1.4,130904.0,11157.38,0.1,7266.02,6.18,7.04,6.02,0.40816326530612246,22.897959183673468,1.3265306122448979,156111.42857142858,12418.122448979591,0.3673469387755102,8822.30612244898,6.816326530612245,6.653061224489796,7.959183673469388,0.46,15.66,1.12,134442.08,12067.84,0.08,6235.66,6.32,5.3,7.22,0.56,28.0,1.94,131629.32,12868.72,0.34,12291.28,6.84,5.64,9.54,0.46938775510204084,56.714285714285715,0.12244897959183673,28719.816326530614,7869.65306122449,0.0,774.7551020408164,13.122448979591837,5.63265306122449,2.4081632653061225
26,EUW1_5527230030,1,0.54,16.44,1.16,110050.36,11627.24,0.14,8439.92,6.68,6.42,5.74,0.3469387755102041,17.142857142857142,0.40816326530612246,115737.77551020408,10208.34693877551,0.5306122448979592,8703.489795918367,8.571428571428571,7.346938775510204,6.571428571428571,0.48,52.7,0.34,26018.94,7547.94,0.0,1429.0,12.76,5.22,2.38,0.5510204081632653,18.959183673469386,1.4489795918367347,127316.8163265306,10531.734693877552,0.1836734693877551,9547.224489795919,5.469387755102041,6.326530612244898,4.73469387755102,0.54,59.98,0.32,47296.78,8986.34,0.1,3097.94,13.58,5.72,3.78,0.5510204081632653,27.102040816326532,1.510204081632653,126971.16326530612,12132.714285714286,0.10204081632653061,8778.65306122449,8.142857142857142,5.979591836734694,8.306122448979592,0.52,29.44,0.78,127946.68,10851.58,0.88,14276.08,8.64,4.72,7.6,0.5306122448979592,19.020408163265305,1.653061224489796,166238.89795918367,12663.448979591836,0.061224489795918366,8834.65306122449,6.142857142857143,5.26530612244898,6.469387755102041,0.42,11.36,1.4,110342.28,12209.58,0.2,8514.06,8.62,6.62,8.18,0.4489795918367347,64.16326530612245,0.12244897959183673,20809.285714285714,7466.326530612245,0.0,1478.795918367347,12.244897959183673,4.510204081632653,2.0816326530612246
27,EUW1_5527145519,1,0.56,27.12,1.6,128061.84,12163.44,0.1,9215.58,8.04,5.96,8.24,0.4897959183673469,27.591836734693878,0.5102040816326531,125112.77551020408,10173.612244897959,1.2040816326530612,17550.673469387755,9.877551020408163,5.285714285714286,5.755102040816326,0.62,27.96,0.74,180619.78,12381.76,1.52,22668.5,9.86,6.44,8.6,0.42857142857142855,23.877551020408163,1.2448979591836735,126372.77551020408,11582.122448979591,0.061224489795918366,7836.428571428572,6.795918367346939,6.816326530612245,7.061224489795919,0.5,23.76,0.94,109264.3,13718.58,0.54,9726.48,7.62,5.9,9.18,0.5102040816326531,17.877551020408163,1.8775510204081634,143467.57142857142,11743.938775510203,0.0,8863.918367346938,5.285714285714286,6.612244897959184,6.346938775510204,0.52,30.44,1.1,133480.68,10978.5,1.38,19084.8,8.2,4.92,7.18,0.5918367346938775,21.122448979591837,2.0,118512.3469387755,11050.244897959185,0.10204081632653061,9936.163265306122,6.040816326530612,4.877551020408164,7.163265306122449,0.46,14.54,1.54,140520.08,11805.52,0.1,9526.92,6.28,6.5,7.0,0.5510204081632653,50.89795918367347,0.5102040816326531,67396.8163265306,9365.979591836734,0.0,4176.591836734694,12.224489795918368,5.040816326530612,3.7142857142857144
28,EUW1_5527100094,1,0.42,19.54,1.38,110512.62,10350.48,0.06,6305.14,4.54,5.88,5.04,0.5510204081632653,26.979591836734695,1.6122448979591837,127961.3469387755,12126.387755102041,0.10204081632653061,9278.979591836734,7.877551020408164,5.918367346938775,8.183673469387756,0.5,17.7,0.6,104878.72,11174.28,0.1,4683.5,11.22,5.72,6.46,0.5102040816326531,28.040816326530614,1.489795918367347,139633.57142857142,11618.714285714286,0.08163265306122448,8245.061224489797,6.816326530612245,5.918367346938775,5.918367346938775,0.6,61.88,0.2,22775.84,7664.46,0.02,2101.28,13.76,4.6,1.86,0.6326530612244898,23.428571428571427,1.1428571428571428,110792.10204081633,11055.551020408164,0.061224489795918366,6461.530612244898,6.795918367346939,5.795918367346939,7.040816326530612,0.52,20.64,0.42,151589.68,12355.3,1.2,17249.22,9.02,6.14,9.86,0.4897959183673469,23.591836734693878,1.163265306122449,132153.1224489796,11416.285714285714,0.4489795918367347,10372.65306122449,5.551020408163265,5.612244897959184,8.16326530612245,0.56,26.7,1.56,129063.38,11148.12,0.24,10230.98,6.54,4.96,5.92,0.3673469387755102,46.0,0.40816326530612246,36795.551020408166,8407.755102040815,0.061224489795918366,2530.408163265306,12.040816326530612,7.3061224489795915,3.4489795918367347
29,EUW1_5525287044,1,0.48,15.04,1.18,112794.68,10599.78,0.16,5487.56,6.04,6.32,6.16,0.4897959183673469,25.571428571428573,1.183673469387755,151935.77551020408,11429.469387755102,1.2857142857142858,20001.591836734693,7.36734693877551,4.510204081632653,7.612244897959184,0.62,27.5,1.14,129033.28,11676.82,0.06,6590.14,6.98,4.52,6.26,0.5714285714285714,33.204081632653065,2.3469387755102042,151324.6530612245,11603.65306122449,0.16326530612244897,15905.489795918367,7.816326530612245,4.244897959183674,4.285714285714286,0.56,59.74,0.26,35850.34,8387.52,0.04,2683.46,14.92,5.08,3.0,0.4897959183673469,24.510204081632654,0.9795918367346939,167337.3469387755,11908.34693877551,1.0612244897959184,21704.448979591838,7.591836734693878,4.448979591836735,8.26530612244898,0.56,27.12,1.6,128061.84,12163.44,0.1,9215.58,8.04,5.96,8.24,0.32653061224489793,18.489795918367346,0.8775510204081632,119878.85714285714,11505.816326530612,0.08163265306122448,4273.102040816327,7.183673469387755,4.285714285714286,6.020408163265306,0.52,29.78,1.42,137010.76,11510.56,0.08,7980.94,6.84,5.88,5.68,0.5306122448979592,38.204081632653065,0.6326530612244898,49507.57142857143,8732.061224489797,0.12244897959183673,4921.9795918367345,10.591836734693878,5.938775510204081,3.5714285714285716
30,EUW1_5525313927,1,0.68,24.26,2.34,166278.16,13119.56,0.02,11021.26,6.18,6.44,7.0,0.5102040816326531,17.632653061224488,1.2448979591836735,130268.28571428571,12116.816326530612,0.3877551020408163,9503.142857142857,8.26530612244898,6.836734693877551,9.448979591836734,0.4897959183673469,18.26530612244898,0.8571428571428571,107646.44897959183,10978.877551020409,0.08163265306122448,5937.65306122449,6.816326530612245,5.244897959183674,6.591836734693878,0.48,13.56,1.16,115113.94,11558.38,0.06,7460.56,10.12,6.98,7.2,0.6122448979591837,27.448979591836736,1.0816326530612246,115549.77551020408,11758.612244897959,0.061224489795918366,5560.285714285715,10.020408163265307,4.448979591836735,7.183673469387755,0.56,27.12,1.6,128061.84,12163.44,0.1,9215.58,8.04,5.96,8.24,0.5102040816326531,25.979591836734695,1.163265306122449,130233.51020408163,11062.469387755102,0.8979591836734694,17219.448979591838,4.755102040816326,4.959183673469388,9.26530612244898,0.54,18.74,1.24,116215.22,10710.64,0.08,5735.32,7.54,4.48,4.94,0.5306122448979592,29.979591836734695,1.4489795918367347,136894.6530612245,11515.122448979591,0.08163265306122448,8012.530612244898,6.877551020408164,5.836734693877551,5.714285714285714,0.6,67.2,0.7,37419.08,8575.94,0.02,2952.12,13.9,4.12,3.38
31,EUW1_5525278766,1,0.5918367346938775,21.79591836734694,2.061224489795918,165997.83673469388,12711.42857142857,0.08163265306122448,13364.34693877551,4.469387755102041,4.836734693877551,7.346938775510204,0.52,26.84,0.94,139607.92,11339.2,1.0,18536.08,7.7,7.06,8.9,0.4489795918367347,22.20408163265306,1.346938775510204,153109.08163265305,12418.183673469388,0.30612244897959184,8202.857142857143,6.918367346938775,6.346938775510204,8.040816326530612,0.6,19.82,1.6,123164.2,12189.42,0.22,9052.94,8.44,5.86,8.28,0.6938775510204082,24.877551020408163,0.8367346938775511,52331.30612244898,10513.57142857143,0.061224489795918366,3636.795918367347,15.53061224489796,6.040816326530612,6.755102040816326,0.56,27.12,1.6,128061.84,12163.44,0.1,9215.58,8.04,5.96,8.24,0.42857142857142855,20.285714285714285,0.9795918367346939,152584.42857142858,11915.34693877551,0.5510204081632653,11342.979591836734,5.938775510204081,6.204081632653061,7.959183673469388,0.56,23.26,0.88,126716.32,11049.8,0.36,9272.66,8.98,4.68,5.88,0.5714285714285714,21.46938775510204,1.5918367346938775,138220.02040816325,11589.775510204081,0.10204081632653061,10558.448979591836,6.877551020408164,5.26530612244898,6.285714285714286,0.6,67.2,0.7,37419.08,8575.94,0.02,2952.12,13.9,4.12,3.38
32,EUW1_5525256732,1,0.5714285714285714,27.163265306122447,1.6326530612244898,128872.6530612245,12215.122448979591,0.08163265306122448,9331.857142857143,8.081632653061224,5.918367346938775,8.26530612244898,0.76,26.54,1.24,152913.76,12078.94,1.34,22053.18,9.6,4.08,7.8,0.5714285714285714,21.755102040816325,1.836734693877551,149792.67346938775,13480.836734693878,0.2857142857142857,13588.204081632653,6.204081632653061,6.653061224489796,8.877551020408163,0.6,19.82,1.6,123164.2,12189.42,0.22,9052.94,8.44,5.86,8.28,0.5714285714285714,55.0,0.30612244897959184,44083.204081632655,8291.510204081633,0.04081632653061224,2906.8367346938776,13.673469387755102,7.224489795918367,3.63265306122449,0.54,15.42,0.76,115909.08,11351.0,0.06,4486.12,4.52,5.04,7.72,0.42857142857142855,23.877551020408163,1.0816326530612246,131432.42857142858,10714.938775510203,0.5306122448979592,15219.551020408164,7.73469387755102,6.3061224489795915,7.571428571428571,0.64,20.7,1.36,160856.1,12324.7,0.42,13164.46,6.2,5.48,8.3,0.40816326530612246,25.551020408163264,0.8367346938775511,110377.08163265306,10629.122448979591,0.12244897959183673,6690.408163265306,5.428571428571429,6.3061224489795915,5.489795918367347,0.42,23.68,1.22,126112.32,11530.9,0.06,7709.6,6.74,6.84,7.02
33,EUW1_5524889640,1,0.46938775510204084,14.53061224489796,1.1428571428571428,110642.73469387754,11537.285714285714,0.02040816326530612,5522.918367346939,8.346938775510203,8.448979591836734,6.857142857142857,0.6,22.56,0.78,172885.84,12161.0,1.22,19334.0,6.68,4.72,8.72,0.5510204081632653,27.3265306122449,1.6122448979591837,128565.4693877551,12230.775510204081,0.10204081632653061,9315.42857142857,8.020408163265307,6.020408163265306,8.36734693877551,0.6,20.74,2.08,139608.84,11170.52,0.28,12845.64,6.88,5.86,5.86,0.5714285714285714,50.755102040816325,0.40816326530612246,44848.163265306124,9574.34693877551,0.04081632653061224,2618.183673469388,14.224489795918368,5.285714285714286,4.408163265306122,0.46,22.46,1.02,114482.04,10404.36,0.02,5386.2,5.12,5.26,4.18,0.5510204081632653,21.510204081632654,0.46938775510204084,117092.83673469388,10200.0,0.3877551020408163,7040.163265306122,7.346938775510204,5.387755102040816,6.448979591836735,0.52,25.52,0.94,135040.5,11287.3,0.12,6524.2,7.2,5.8,5.96,0.5510204081632653,26.714285714285715,1.816326530612245,154635.26530612246,12403.42857142857,0.1836734693877551,11108.224489795919,7.26530612244898,5.448979591836735,6.714285714285714,0.46,57.08,0.12,28460.18,7858.22,0.0,759.26,13.12,5.62,2.36
34,EUW1_5524953578,1,0.5510204081632653,27.20408163265306,1.6122448979591837,129252.61224489796,12209.795918367347,0.10204081632653061,9293.877551020409,8.081632653061224,6.040816326530612,8.26530612244898,0.62,32.98,1.12,141397.78,11399.3,1.26,18885.8,9.58,4.38,7.3,0.6122448979591837,23.959183673469386,0.7755102040816326,141372.3469387755,11716.877551020409,1.2653061224489797,19513.551020408162,9.755102040816327,5.877551020408164,8.693877551020408,0.38,20.58,0.9,113205.88,9976.8,0.06,5926.9,6.38,6.48,4.94,0.5102040816326531,41.83673469387755,0.4897959183673469,40234.42857142857,8705.918367346938,0.04081632653061224,2236.530612244898,13.040816326530612,5.857142857142857,4.73469387755102,0.5,15.82,0.98,118983.84,10949.42,0.2,6544.24,5.56,5.3,7.12,0.4897959183673469,30.612244897959183,0.5714285714285714,150647.57142857142,11514.265306122448,0.7142857142857143,17808.877551020407,7.63265306122449,6.081632653061225,7.795918367346939,0.4,17.2,0.6,109017.86,10200.16,0.12,5639.74,6.16,6.62,6.12,0.52,28.36,1.46,128880.84,11430.1,0.22,10657.54,8.18,6.1,5.96,0.40816326530612246,64.18367346938776,0.3877551020408163,42859.816326530614,8278.183673469388,0.08163265306122448,3479.6326530612246,12.040816326530612,6.122448979591836,3.2857142857142856
35,EUW1_5524530305,0,0.46,24.7,0.98,131039.96,10422.28,0.12,8221.6,6.94,5.5,4.7,0.6326530612244898,27.571428571428573,1.0816326530612246,116474.69387755102,11839.69387755102,0.061224489795918366,5574.34693877551,10.204081632653061,4.408163265306122,7.26530612244898,0.5,23.94,0.48,72562.42,10049.72,0.04,2523.22,12.64,4.64,4.8,0.5306122448979592,16.836734693877553,1.0408163265306123,124319.22448979592,12373.857142857143,0.12244897959183673,6584.65306122449,7.755102040816326,8.020408163265307,7.63265306122449,0.7,26.42,0.88,48397.46,10435.72,0.08,3525.32,16.48,6.08,6.48,0.5510204081632653,27.102040816326532,1.510204081632653,126971.16326530612,12132.714285714286,0.10204081632653061,8778.65306122449,8.142857142857142,5.979591836734694,8.306122448979592,0.5319148936170213,26.127659574468087,0.8723404255319149,140080.48936170212,11115.08510638298,1.2553191489361701,18413.91489361702,8.25531914893617,5.51063829787234,6.9361702127659575,0.4489795918367347,21.836734693877553,1.0612244897959184,146103.2857142857,11473.775510204081,0.24489795918367346,8844.591836734693,6.387755102040816,5.6938775510204085,5.877551020408164,0.44,17.58,1.1,140193.88,10839.4,0.12,8286.44,6.54,6.22,4.88,0.5510204081632653,57.142857142857146,0.2653061224489796,21653.877551020407,7829.877551020408,0.0,1224.4285714285713,15.061224489795919,5.3061224489795915,2.0816326530612246
36,EUW1_5524505317,0,0.56,27.12,1.6,128061.84,12163.44,0.1,9215.58,8.04,5.96,8.24,0.5714285714285714,23.755102040816325,1.3265306122448979,174101.85714285713,13198.081632653062,1.836734693877551,30356.877551020407,5.469387755102041,6.816326530612245,11.571428571428571,0.62,27.4,1.06,115978.08,11750.94,0.06,5535.4,10.08,4.42,7.14,0.5714285714285714,18.857142857142858,1.8979591836734695,152552.57142857142,12260.34693877551,0.22448979591836735,11194.061224489797,7.183673469387755,5.530612244897959,7.408163265306122,0.58,35.8,1.24,94397.64,10886.5,0.54,14305.9,10.12,5.22,6.48,0.5957446808510638,15.808510638297872,1.3404255319148937,115159.85106382979,10690.31914893617,0.0425531914893617,5898.595744680851,6.148936170212766,4.361702127659575,5.127659574468085,0.58,25.76,0.78,127003.6,10186.92,1.14,20778.8,8.78,5.8,6.22,0.3877551020408163,19.836734693877553,1.183673469387755,112416.4693877551,10336.204081632653,0.10204081632653061,6037.2040816326535,5.326530612244898,5.142857142857143,4.938775510204081,0.4,43.54,0.18,41119.36,7639.16,0.04,1208.74,13.0,6.48,2.26,0.5306122448979592,48.183673469387756,0.6938775510204082,57447.06122448979,10811.469387755102,0.04081632653061224,4306.877551020408,13.224489795918368,6.979591836734694,6.73469387755102
37,EUW1_5524011184,1,0.36,18.28,0.82,116395.92,11030.84,0.22,9536.02,5.84,5.8,5.3,0.6938775510204082,21.20408163265306,1.0204081632653061,133418.55102040817,11390.469387755102,1.3061224489795917,20042.367346938776,10.816326530612244,5.0,7.428571428571429,0.5,17.1,0.72,132933.6,11717.54,0.22,5903.92,5.08,7.06,8.16,0.42857142857142855,19.448979591836736,1.6938775510204083,139794.85714285713,11598.65306122449,0.1836734693877551,9786.265306122448,7.040816326530612,4.816326530612245,6.142857142857143,0.56,51.84,0.46,36902.5,7904.64,0.0,2488.36,13.92,5.0,2.42,0.5510204081632653,26.959183673469386,1.6122448979591837,127076.73469387754,12093.69387755102,0.10204081632653061,9133.265306122448,7.938775510204081,6.0,8.224489795918368,0.4375,33.770833333333336,0.8541666666666666,162669.45833333334,11162.666666666666,1.0208333333333333,19986.708333333332,7.854166666666667,4.458333333333333,5.4375,0.4489795918367347,13.89795918367347,1.0408163265306123,115077.59183673469,10427.061224489797,0.30612244897959184,6779.693877551021,6.571428571428571,5.591836734693878,5.224489795918367,0.62,24.46,1.56,139973.38,13464.6,0.14,10897.98,8.64,6.32,9.42,0.5102040816326531,47.46938775510204,0.14285714285714285,18646.448979591838,7342.836734693878,0.02040816326530612,1006.2244897959183,15.510204081632653,6.163265306122449,1.8571428571428572
38,EUW1_5523756974,1,0.58,20.14,1.8,109657.92,10853.26,0.08,8417.3,7.06,5.52,5.64,0.4489795918367347,21.877551020408163,1.2653061224489797,150052.83673469388,12231.224489795919,0.3469387755102041,8321.979591836734,6.8979591836734695,6.408163265306122,7.6938775510204085,0.64,22.9,1.16,128112.22,11262.2,0.06,7490.42,8.86,5.1,6.86,0.3877551020408163,20.714285714285715,0.8979591836734694,113989.6530612245,10029.673469387755,0.061224489795918366,5981.836734693878,6.408163265306122,6.408163265306122,5.0,0.58,29.34,1.26,115867.94,11193.02,0.02,5658.08,9.36,4.76,5.9,0.6326530612244898,30.693877551020407,1.3877551020408163,162332.38775510204,12019.040816326531,1.0,24534.714285714286,8.183673469387756,6.63265306122449,7.448979591836735,0.46,26.66,0.94,172302.06,11841.16,1.3,20516.58,7.2,5.58,7.54,0.5510204081632653,27.081632653061224,1.5918367346938775,127752.10204081633,12170.34693877551,0.10204081632653061,9135.836734693878,8.10204081632653,6.0,8.244897959183673,0.56,19.22,1.48,127833.36,10561.04,0.18,9589.8,5.56,6.42,4.7,0.46938775510204084,64.0204081632653,0.3673469387755102,21059.79591836735,7569.530612244898,0.04081632653061224,2367.7551020408164,13.346938775510203,5.918367346938775,2.061224489795918
39,EUW1_5523702117,1,0.42,18.8,1.48,117375.18,10798.42,0.3,9862.24,6.92,8.08,5.66,0.5510204081632653,22.489795918367346,0.8775510204081632,113597.3469387755,10635.69387755102,0.04081632653061224,4315.9795918367345,7.959183673469388,4.857142857142857,5.918367346938775,0.5510204081632653,27.102040816326532,1.5714285714285714,128427.26530612246,12171.081632653062,0.10204081632653061,9198.938775510203,8.040816326530612,5.959183673469388,8.244897959183673,0.56,28.0,1.94,131629.32,12868.72,0.34,12291.28,6.84,5.64,9.54,0.5102040816326531,39.55102040816327,0.5918367346938775,42934.163265306124,7978.326530612245,0.04081632653061224,2919.265306122449,11.63265306122449,5.224489795918367,2.7551020408163267,0.6,26.34,1.48,106889.02,10467.48,0.02,8850.48,7.12,6.88,5.3,0.6530612244897959,23.551020408163264,0.9795918367346939,160599.3469387755,11757.938775510203,1.489795918367347,19547.081632653062,8.73469387755102,4.714285714285714,7.979591836734694,0.46,14.4,1.08,109842.34,11442.08,0.04,5397.36,8.24,8.28,6.68,0.5102040816326531,22.26530612244898,1.3877551020408163,124591.26530612246,11645.020408163266,0.12244897959183673,8896.714285714286,8.040816326530612,6.979591836734694,7.877551020408164,0.54,20.02,1.54,119120.0,11967.9,0.1,8485.84,7.0,7.0,8.18
40,EUW1_5523636825,1,0.5918367346938775,25.836734693877553,1.510204081632653,106403.10204081633,10421.612244897959,0.02040816326530612,8948.755102040815,7.020408163265306,6.836734693877551,5.285714285714286,0.58,25.76,0.78,127003.6,10186.92,1.14,20778.8,8.78,5.8,6.22,0.5714285714285714,20.3265306122449,1.3061224489795917,146389.9387755102,12111.42857142857,0.24489795918367346,9218.102040816326,6.408163265306122,4.489795918367347,7.510204081632653,0.56,28.0,1.94,131629.32,12868.72,0.34,12291.28,6.84,5.64,9.54,0.46938775510204084,64.53061224489795,0.3469387755102041,21094.85714285714,7603.306122448979,0.04081632653061224,2340.2244897959185,13.489795918367347,5.938775510204081,2.0408163265306123,0.42,17.24,2.34,133158.22,11315.14,0.04,10733.26,5.8,5.2,4.52,0.5510204081632653,24.163265306122447,1.0612244897959184,123371.8163265306,11289.020408163266,0.04081632653061224,5423.469387755102,6.1020408163265305,3.9591836734693877,6.448979591836735,0.56,27.12,1.6,128061.84,12163.44,0.1,9215.58,8.04,5.96,8.24,0.5714285714285714,19.306122448979593,1.489795918367347,128390.85714285714,10575.632653061224,0.1836734693877551,9740.632653061224,5.63265306122449,6.448979591836735,4.73469387755102,0.46,25.7,0.74,147687.1,10273.8,0.78,16312.28,8.4,4.6,5.8
41,EUW1_5523642619,0,0.6122448979591837,25.93877551020408,1.489795918367347,106239.42857142857,10463.57142857143,0.02040816326530612,8938.061224489797,7.1020408163265305,6.816326530612245,5.36734693877551,0.36,26.4,0.86,160498.84,11499.86,1.06,20626.16,5.66,5.36,7.52,0.5306122448979592,17.93877551020408,1.3673469387755102,128653.48979591837,11242.775510204081,0.14285714285714285,8232.061224489797,8.285714285714286,5.36734693877551,6.020408163265306,0.56,19.22,1.48,127833.36,10561.04,0.18,9589.8,5.56,6.42,4.7,0.40816326530612246,43.61224489795919,0.1836734693877551,41677.795918367345,7683.367346938776,0.04081632653061224,1229.9183673469388,13.061224489795919,6.510204081632653,2.2857142857142856,0.4,18.74,1.34,124529.78,10563.72,0.04,8690.6,4.18,6.96,5.06,0.6122448979591837,25.612244897959183,1.3673469387755102,137401.57142857142,11062.469387755102,1.0612244897959184,19220.714285714286,6.346938775510204,4.877551020408164,7.714285714285714,0.56,27.12,1.6,128061.84,12163.44,0.1,9215.58,8.04,5.96,8.24,0.5714285714285714,19.918367346938776,1.7346938775510203,156402.57142857142,12750.673469387755,0.24489795918367346,11951.367346938776,7.3061224489795915,5.63265306122449,8.204081632653061,0.38,47.06,0.22,22385.14,7003.14,0.02,1526.68,12.24,5.56,2.58
42,EUW1_5523516804,0,0.5510204081632653,23.959183673469386,1.1020408163265305,137022.79591836734,11502.469387755102,0.1836734693877551,9606.020408163266,5.346938775510204,4.612244897959184,4.938775510204081,0.56,32.76,1.0,119486.24,11676.82,0.98,16095.76,14.16,6.16,7.06,0.46938775510204084,19.081632653061224,1.1020408163265305,103448.44897959183,10119.204081632653,0.08163265306122448,5361.122448979592,7.1020408163265305,6.183673469387755,5.836734693877551,0.4166666666666667,27.083333333333332,1.375,153652.41666666666,13093.979166666666,0.125,10424.645833333334,8.479166666666666,7.791666666666667,9.1875,0.40816326530612246,44.02040816326531,0.1836734693877551,39874.42857142857,7615.469387755102,0.04081632653061224,1233.408163265306,13.16326530612245,6.510204081632653,2.2448979591836733,0.56,27.12,1.6,128061.84,12163.44,0.1,9215.58,8.04,5.96,8.24,0.4897959183673469,24.142857142857142,0.9795918367346939,165619.3673469388,11715.530612244898,1.0612244897959184,21616.632653061224,7.551020408163265,4.3061224489795915,8.10204081632653,0.48,26.6,0.88,128403.0,10932.92,0.08,5915.54,7.14,4.18,5.82,0.4897959183673469,22.79591836734694,1.530612244897959,152812.55102040817,12475.734693877552,0.16326530612244897,10381.040816326531,6.836734693877551,5.428571428571429,7.0,0.5,53.74,0.26,38052.22,8158.7,0.02,1751.48,13.6,5.64,2.92
43,EUW1_5523479766,1,0.3877551020408163,18.714285714285715,1.3265306122448979,124930.9387755102,10542.408163265307,0.04081632653061224,8575.326530612245,4.183673469387755,7.0,5.061224489795919,0.62,29.72,0.9,132292.06,10936.12,1.46,21098.8,8.5,5.96,7.16,0.5306122448979592,17.959183673469386,1.4081632653061225,129491.8163265306,11239.938775510203,0.14285714285714285,8513.591836734693,8.326530612244898,5.346938775510204,5.816326530612245,0.4166666666666667,27.083333333333332,1.375,153652.41666666666,13093.979166666666,0.125,10424.645833333334,8.479166666666666,7.791666666666667,9.1875,0.5102040816326531,41.83673469387755,0.4897959183673469,40234.42857142857,8705.918367346938,0.04081632653061224,2236.530612244898,13.040816326530612,5.857142857142857,4.73469387755102,0.56,27.12,1.6,128061.84,12163.44,0.1,9215.58,8.04,5.96,8.24,0.46938775510204084,24.448979591836736,0.9795918367346939,166411.42857142858,11855.551020408164,1.0408163265306123,21248.183673469386,7.469387755102041,4.510204081632653,8.183673469387756,0.52,24.44,0.88,141037.54,11865.1,0.06,7415.66,7.58,3.14,5.02,0.44,11.72,1.08,102800.88,10438.32,0.04,5358.9,6.5,6.62,6.0,0.4897959183673469,52.91836734693877,0.24489795918367346,37611.857142857145,8092.0204081632655,0.02040816326530612,1708.6938775510205,13.489795918367347,5.653061224489796,2.857142857142857
44,EUW1_5523454031,0,0.42,19.62,1.1,108006.22,11261.64,0.06,4620.66,5.48,5.46,7.42,0.5102040816326531,25.551020408163264,1.183673469387755,153352.8775510204,11457.020408163266,1.3061224489795917,20528.530612244896,7.428571428571429,4.489795918367347,7.673469387755102,0.5,18.42,0.88,108935.92,11205.88,0.08,5994.56,6.88,5.28,6.88,0.40816326530612246,44.244897959183675,0.1836734693877551,40302.0,7669.0204081632655,0.02040816326530612,1201.7551020408164,13.306122448979592,6.571428571428571,2.2857142857142856,0.42,41.7,0.26,48169.46,9155.02,0.0,2234.68,12.48,5.64,4.74,0.5510204081632653,27.102040816326532,1.510204081632653,126971.16326530612,12132.714285714286,0.10204081632653061,8778.65306122449,8.142857142857142,5.979591836734694,8.306122448979592,0.62,29.64,0.84,132310.28,10914.34,1.48,20735.48,8.46,5.9,7.16,0.4489795918367347,26.46938775510204,1.4489795918367347,125934.61224489796,11159.0,0.16326530612244897,8607.42857142857,7.489795918367347,4.387755102040816,6.081632653061225,0.4,24.16,1.38,121629.4,11265.64,0.08,7816.52,7.42,6.26,6.78,0.4897959183673469,59.142857142857146,0.24489795918367346,35381.91836734694,7738.571428571428,0.02040816326530612,2574.3469387755104,12.346938775510203,6.224489795918367,2.183673469387755
45,EUW1_5523317490,1,0.42,22.22,1.38,164955.04,11960.16,0.32,10030.34,6.2,8.78,5.3,0.4489795918367347,19.040816326530614,0.8979591836734694,146833.4081632653,11516.367346938776,0.8367346938775511,15657.734693877552,6.63265306122449,6.816326530612245,6.530612244897959,0.56,27.12,1.6,128061.84,12163.44,0.1,9215.58,8.04,5.96,8.24,0.5918367346938775,20.020408163265305,0.9591836734693877,136878.2857142857,11437.591836734693,0.14285714285714285,6588.734693877551,6.142857142857143,5.63265306122449,6.591836734693878,0.42,8.78,0.8,82362.48,9235.56,0.02,4763.86,5.92,5.3,3.8,0.4897959183673469,17.571428571428573,1.3673469387755102,128024.04081632652,11075.142857142857,0.14285714285714285,8280.142857142857,8.122448979591837,5.448979591836735,5.73469387755102,0.6,22.56,0.78,172885.84,12161.0,1.22,19334.0,6.68,4.72,8.72,0.5918367346938775,29.73469387755102,1.2857142857142858,117001.71428571429,11252.387755102041,0.02040816326530612,5765.448979591837,9.510204081632653,4.775510204081633,5.836734693877551,0.4,24.16,1.38,121629.4,11265.64,0.08,7816.52,7.42,6.26,6.78,0.5918367346938775,45.142857142857146,0.40816326530612246,46570.244897959186,8483.122448979591,0.02040816326530612,1724.8979591836735,13.918367346938776,6.346938775510204,3.0408163265306123
46,EUW1_5523280544,1,0.56,27.12,1.6,128061.84,12163.44,0.1,9215.58,8.04,5.96,8.24,0.6122448979591837,25.775510204081634,1.3673469387755102,137966.04081632654,11151.591836734693,1.1020408163265305,19409.34693877551,6.387755102040816,4.877551020408164,7.918367346938775,0.6,19.96,1.0,138952.0,11581.04,0.16,6986.34,6.24,5.66,6.72,0.4897959183673469,25.6734693877551,1.3877551020408163,124325.59183673469,10819.163265306122,0.20408163265306123,9428.877551020409,6.163265306122449,4.775510204081633,5.816326530612245,0.54,35.96,0.8,75377.46,11671.76,0.44,8046.64,8.56,6.1,8.54,0.5102040816326531,17.591836734693878,1.2244897959183674,124837.91836734694,12125.020408163266,0.061224489795918366,8077.571428571428,7.0,6.3061224489795915,7.530612244897959,0.52,30.4,1.08,132833.5,10867.8,1.32,19057.78,7.94,4.86,7.06,0.40816326530612246,22.816326530612244,1.653061224489796,156027.32653061225,12779.0,0.08163265306122448,8831.57142857143,4.244897959183674,6.36734693877551,7.918367346938775,0.54,26.66,1.86,150914.54,12234.62,0.2,11075.5,7.0,5.36,6.56,0.5102040816326531,23.551020408163264,1.8775510204081634,156313.79591836734,12477.551020408164,0.24489795918367346,11094.102040816326,7.326530612244898,4.612244897959184,6.918367346938775
47,EUW1_5522377668,0,0.7,16.76,1.66,121419.58,10989.64,0.12,7986.92,5.36,5.52,6.62,0.4489795918367347,22.428571428571427,0.8979591836734694,168860.83673469388,12238.755102040815,0.5918367346938775,14896.897959183674,7.530612244897959,6.489795918367347,9.326530612244898,0.56,27.12,1.6,128061.84,12163.44,0.1,9215.58,8.04,5.96,8.24,0.4489795918367347,17.714285714285715,1.1224489795918366,142774.4081632653,11024.877551020409,0.12244897959183673,8407.877551020409,6.63265306122449,6.26530612244898,5.040816326530612,0.58,68.2,0.22,23000.54,7966.12,0.0,2185.72,15.56,4.46,2.26,0.6938775510204082,20.3265306122449,1.816326530612245,142289.44897959183,11714.489795918367,0.14285714285714285,10286.408163265307,5.428571428571429,4.795918367346939,4.775510204081633,0.52,29.44,0.78,127946.68,10851.58,0.88,14276.08,8.64,4.72,7.6,0.32653061224489793,18.489795918367346,0.8775510204081632,119878.85714285714,11505.816326530612,0.08163265306122448,4273.102040816327,7.183673469387755,4.285714285714286,6.020408163265306,0.52,23.22,1.9,154922.38,12407.8,0.24,10982.78,7.26,4.54,6.86,0.4897959183673469,50.12244897959184,0.3877551020408163,37805.04081632653,8195.57142857143,0.061224489795918366,2827.387755102041,9.591836734693878,7.122448979591836,3.7346938775510203
48,EUW1_5522383890,0,0.58,17.08,1.48,112647.52,13595.46,0.18,9020.18,10.16,6.6,9.46,0.5102040816326531,25.163265306122447,1.183673469387755,150675.20408163266,11352.244897959185,1.3061224489795917,20043.571428571428,7.36734693877551,4.428571428571429,7.551020408163265,0.5714285714285714,23.346938775510203,0.7346938775510204,80966.0612244898,9752.469387755102,0.20408163265306123,5898.551020408163,9.061224489795919,6.979591836734694,5.775510204081633,0.46,27.98,1.42,144646.06,11266.24,0.22,9145.42,5.82,5.4,4.78,0.5510204081632653,53.714285714285715,0.5306122448979592,58921.06122448979,9656.795918367347,0.04081632653061224,3182.673469387755,10.795918367346939,5.959183673469388,5.326530612244898,0.56,26.24,0.52,98936.46,9677.04,0.02,4164.2,10.12,5.96,4.0,0.5714285714285714,20.836734693877553,1.0408163265306123,134227.6326530612,10996.938775510203,0.9591836734693877,14941.959183673469,6.3061224489795915,6.510204081632653,6.714285714285714,0.56,27.12,1.6,128061.84,12163.44,0.1,9215.58,8.04,5.96,8.24,0.5102040816326531,14.714285714285714,2.2448979591836733,156207.4693877551,13624.163265306122,0.12244897959183673,13624.244897959185,6.448979591836735,5.163265306122449,7.775510204081633,0.58,61.0,0.28,23131.42,7442.86,0.0,2261.3,14.12,5.4,1.78
49,EUW1_5520713149,0,0.5102040816326531,17.693877551020407,1.836734693877551,142395.85714285713,11712.69387755102,0.0,8533.122448979591,5.224489795918367,6.673469387755102,6.285714285714286,0.56,24.52,1.38,147227.58,11652.18,1.26,22471.54,8.32,4.56,7.12,0.6122448979591837,20.040816326530614,1.0204081632653061,139989.6326530612,11643.224489795919,0.16326530612244897,7118.122448979592,6.3061224489795915,5.591836734693878,6.775510204081633,0.56,13.88,1.32,130165.68,13296.12,0.16,7785.58,7.82,7.06,11.46,0.3877551020408163,43.326530612244895,0.1836734693877551,41522.857142857145,7661.816326530612,0.02040816326530612,1207.530612244898,13.16326530612245,6.571428571428571,2.2448979591836733,0.56,27.12,1.6,128061.84,12163.44,0.1,9215.58,8.04,5.96,8.24,0.6122448979591837,25.06122448979592,0.7142857142857143,163329.67346938775,12775.469387755102,1.346938775510204,19486.673469387755,9.16326530612245,5.857142857142857,8.16326530612245,0.48,24.88,0.86,133205.74,11134.42,0.08,6087.6,7.0,5.84,5.82,0.5714285714285714,13.83673469387755,1.5918367346938775,122150.95918367348,11944.448979591836,0.04081632653061224,7853.081632653061,9.918367346938776,6.714285714285714,7.489795918367347,0.54,66.48,0.4,25529.96,7956.32,0.04,2429.84,14.52,4.2,2.16
50,EUW1_5537362419,0,0.54,51.18,0.6,50781.46,8588.42,0.08,3678.18,12.44,5.24,3.18,0.4897959183673469,22.306122448979593,1.0816326530612246,144335.97959183675,11003.387755102041,0.7346938775510204,17861.79591836735,7.836734693877551,6.448979591836735,7.346938775510204,0.54,18.74,1.24,116215.22,10710.64,0.08,5735.32,7.54,4.48,4.94,0.6122448979591837,23.591836734693878,1.7959183673469388,138358.693877551,11711.65306122449,0.12244897959183673,10450.938775510203,8.224489795918368,5.673469387755102,6.612244897959184,0.58,60.54,0.66,31948.42,7869.38,0.0,2621.0,12.8,3.5,2.84,0.4489795918367347,17.081632653061224,1.163265306122449,106762.89795918367,10502.714285714286,0.02040816326530612,4343.265306122449,8.061224489795919,7.285714285714286,4.673469387755102,0.52,23.8,0.7,179127.92,12372.62,1.48,24957.9,7.46,5.52,9.06,0.46938775510204084,48.02040816326531,0.30612244897959184,29620.48979591837,7490.775510204082,0.04081632653061224,2721.6326530612246,11.857142857142858,4.448979591836735,1.8571428571428572,0.62,19.0,2.16,158612.1,13125.76,0.22,12445.48,7.42,5.12,9.0,0.6326530612244898,49.775510204081634,0.16326530612244897,17707.285714285714,7742.326530612245,0.02040816326530612,1948.3469387755101,15.612244897959183,4.551020408163265,2.489795918367347
51,EUW1_5535707954,0,0.46,22.46,1.02,114482.04,10404.36,0.02,5386.2,5.12,5.26,4.18,0.4489795918367347,14.918367346938776,1.1224489795918366,134306.6326530612,11977.387755102041,0.08163265306122448,6290.489795918367,6.285714285714286,5.26530612244898,7.163265306122449,0.48,19.64,1.2,116822.88,10717.02,0.14,6308.0,7.8,6.04,6.44,0.5102040816326531,24.489795918367346,0.8571428571428571,133020.79591836734,11089.102040816326,0.04081632653061224,5767.122448979592,7.408163265306122,5.714285714285714,5.8979591836734695,0.56,42.16,0.56,53312.2,10438.38,0.0,1771.56,17.22,7.74,6.22,0.6938775510204082,14.63265306122449,0.8163265306122449,122070.79591836735,13051.326530612245,0.08163265306122448,4015.6938775510203,12.795918367346939,8.938775510204081,9.795918367346939,0.56,32.82,1.26,159329.3,11847.84,1.06,23381.74,9.7,4.82,7.52,0.6326530612244898,49.285714285714285,0.16326530612244897,17566.38775510204,7699.102040816327,0.02040816326530612,1870.8367346938776,15.306122448979592,4.469387755102041,2.510204081632653,0.44,20.74,1.22,132318.74,10893.92,0.14,8422.24,6.24,5.66,5.82,0.5918367346938775,50.59183673469388,0.46938775510204084,61087.795918367345,9054.489795918367,0.04081632653061224,3906.1020408163267,12.306122448979592,4.653061224489796,3.63265306122449
52,EUW1_5535284761,0,0.4,29.14,1.38,115336.74,10638.62,0.06,7877.04,5.76,5.7,3.8,0.5714285714285714,24.163265306122447,0.8775510204081632,146392.81632653062,10609.489795918367,1.0612244897959184,23477.367346938776,7.775510204081633,4.530612244897959,6.673469387755102,0.54,44.84,0.42,46077.84,8400.24,0.02,1724.58,13.72,6.18,2.92,0.5102040816326531,39.02040816326531,0.6326530612244898,47901.63265306123,8192.204081632653,0.04081632653061224,3208.7551020408164,11.53061224489796,5.224489795918367,2.877551020408163,0.64,49.16,0.16,17476.52,7691.78,0.02,1920.22,15.48,4.5,2.48,0.6122448979591837,21.693877551020407,1.530612244897959,131406.3673469388,13097.204081632653,0.10204081632653061,7723.306122448979,8.551020408163266,5.918367346938775,7.489795918367347,0.52,28.86,0.64,135032.96,10794.0,1.48,17977.22,7.98,4.48,6.52,0.4897959183673469,28.632653061224488,1.2857142857142858,144452.97959183675,11957.42857142857,0.12244897959183673,8812.591836734693,6.755102040816326,7.387755102040816,6.755102040816326,0.42,20.74,1.6,144652.14,11441.94,0.24,11740.02,7.1,6.3,6.14,0.42857142857142855,44.53061224489796,0.3469387755102041,37821.34693877551,7461.163265306122,0.02040816326530612,2347.4285714285716,11.040816326530612,5.653061224489796,1.7755102040816326
53,EUW1_5535176408,0,0.52,20.38,2.04,130996.1,11623.56,0.1,9179.12,5.6,7.24,7.3,0.46808510638297873,26.638297872340427,0.7872340425531915,138692.06382978722,10879.404255319148,1.0638297872340425,19561.82978723404,6.829787234042553,5.659574468085107,7.127659574468085,0.64,49.16,0.16,17476.52,7691.78,0.02,1920.22,15.48,4.5,2.48,0.5306122448979592,22.142857142857142,1.5714285714285714,136509.61224489796,11362.122448979591,0.32653061224489793,10195.224489795919,6.061224489795919,4.448979591836735,5.551020408163265,0.46,39.8,0.5,63504.68,10598.04,0.04,3248.96,9.02,8.12,7.36,0.3877551020408163,7.755102040816326,0.6326530612244898,88085.8163265306,9365.755102040815,0.061224489795918366,4527.734693877551,4.510204081632653,5.591836734693878,5.387755102040816,0.5,20.68,0.66,134572.2,10302.32,0.64,15044.06,6.16,5.3,6.98,0.5102040816326531,18.183673469387756,0.9795918367346939,106728.71428571429,10190.632653061224,0.12244897959183673,4737.34693877551,5.510204081632653,4.081632653061225,6.244897959183674,0.6875,24.645833333333332,1.5833333333333333,124696.8125,11612.791666666666,0.25,10370.25,9.041666666666666,5.4375,6.8125,0.46938775510204084,33.95918367346939,0.8367346938775511,90169.97959183673,10313.061224489797,0.10204081632653061,5855.367346938776,8.755102040816327,6.3061224489795915,6.204081632653061
54,EUW1_5533629981,0,0.56,21.64,1.74,135405.06,11581.5,0.08,8743.52,5.72,4.94,5.56,0.4897959183673469,23.46938775510204,0.7142857142857143,172513.14285714287,12324.285714285714,0.9795918367346939,19782.244897959183,6.244897959183674,5.918367346938775,9.326530612244898,0.5,28.7,0.54,89184.6,10010.72,0.06,3382.86,8.42,4.66,5.46,0.5714285714285714,18.510204081632654,0.9183673469387755,118168.55102040817,10977.469387755102,0.22448979591836735,6996.081632653061,7.775510204081633,4.0,5.612244897959184,0.5714285714285714,56.02040816326531,0.30612244897959184,44065.204081632655,8338.285714285714,0.04081632653061224,2906.8367346938776,13.89795918367347,7.183673469387755,3.6122448979591835,0.48,17.0,1.36,131989.66,10410.54,0.18,9152.56,4.62,5.04,3.96,0.5714285714285714,28.93877551020408,0.8775510204081632,146978.95918367346,11876.673469387755,1.2244897959183674,18428.79591836735,8.89795918367347,6.6938775510204085,8.448979591836734,0.52,29.3,0.78,150352.0,10901.78,1.06,18395.32,7.42,3.76,6.06,0.5714285714285714,16.714285714285715,1.489795918367347,120435.69387755102,10979.938775510203,0.1836734693877551,9832.65306122449,6.775510204081633,4.73469387755102,5.73469387755102,0.64,49.16,0.16,17476.52,7691.78,0.02,1920.22,15.48,4.5,2.48
55,EUW1_5532356665,1,0.5319148936170213,18.127659574468087,2.4680851063829787,157267.44680851063,13420.851063829787,0.2553191489361702,14017.531914893618,5.617021276595745,4.787234042553192,8.148936170212766,0.42,23.96,1.08,132735.3,10803.0,0.54,15515.08,7.8,6.32,7.58,0.4489795918367347,15.489795918367347,1.1428571428571428,133965.42857142858,12040.34693877551,0.08163265306122448,6327.877551020408,6.285714285714286,5.36734693877551,7.204081632653061,0.42,25.06,0.68,103424.76,9842.76,0.6,8648.48,7.6,5.8,4.84,0.5102040816326531,30.387755102040817,0.7551020408163265,73273.16326530612,11811.69387755102,0.02040816326530612,3091.5102040816328,16.73469387755102,7.612244897959184,9.183673469387756,0.56,29.8,0.42,42555.96,7569.3,0.06,2481.92,11.2,4.44,2.34,0.5510204081632653,32.95918367346939,1.2653061224489797,160065.95918367346,11888.42857142857,1.0204081632653061,23451.367346938776,9.673469387755102,4.877551020408164,7.551020408163265,0.54,26.36,0.86,123414.0,12009.4,0.36,9477.96,9.88,5.92,7.16,0.5510204081632653,56.775510204081634,0.4897959183673469,34327.30612244898,8265.469387755102,0.02040816326530612,3203.612244897959,15.428571428571429,5.36734693877551,2.836734693877551,0.64,49.16,0.16,17476.52,7691.78,0.02,1920.22,15.48,4.5,2.48
56,EUW1_5528911512,0,0.46938775510204084,32.69387755102041,0.4489795918367347,66521.30612244898,11120.265306122448,0.12244897959183673,3832.387755102041,15.326530612244898,7.3061224489795915,7.346938775510204,0.32,22.36,0.68,127163.92,10560.4,0.66,13649.36,6.96,4.92,5.58,0.4897959183673469,22.040816326530614,1.2653061224489797,145137.91836734695,12356.816326530612,0.14285714285714285,7579.836734693878,9.36734693877551,4.142857142857143,4.857142857142857,0.44,20.72,1.02,126561.26,12042.24,0.26,8122.22,7.66,6.28,7.38,0.6326530612244898,64.83673469387755,0.24489795918367346,23430.51020408163,8306.959183673469,0.0,999.2448979591836,14.244897959183673,5.26530612244898,3.2244897959183674,0.54,24.06,0.54,102683.2,12403.98,0.16,4333.92,12.28,6.08,9.2,0.4897959183673469,29.918367346938776,1.0,142477.04081632654,11202.65306122449,1.2040816326530612,21958.877551020407,8.510204081632653,6.571428571428571,7.428571428571429,0.54,31.9,0.64,110952.36,10715.32,0.04,4629.06,9.02,4.98,5.56,0.5957446808510638,22.872340425531913,1.7234042553191489,137591.02127659574,11856.446808510638,0.23404255319148937,8541.127659574468,8.404255319148936,6.127659574468085,6.148936170212766,0.64,49.16,0.16,17476.52,7691.78,0.02,1920.22,15.48,4.5,2.48
57,EUW1_5527592954,1,0.5918367346938775,16.489795918367346,1.0612244897959184,113989.08163265306,10676.714285714286,0.02040816326530612,5727.632653061224,6.510204081632653,3.7755102040816326,6.1020408163265305,0.46,24.38,0.92,149967.06,13020.5,0.94,17186.26,9.24,7.38,7.9,0.46938775510204084,15.755102040816327,1.1224489795918366,135024.91836734695,12133.265306122448,0.08163265306122448,6270.489795918367,6.3061224489795915,5.244897959183674,7.326530612244898,0.4,43.72,0.18,41036.96,7656.44,0.02,1199.6,13.14,6.52,2.24,0.4489795918367347,49.673469387755105,0.24489795918367346,36150.77551020408,8626.163265306122,0.04081632653061224,2133.0408163265306,14.326530612244898,6.1020408163265305,3.489795918367347,0.52,17.64,1.86,123928.98,11527.76,0.02,8515.3,5.12,5.42,6.1,0.6122448979591837,32.775510204081634,1.0816326530612246,141553.42857142858,11352.30612244898,1.2653061224489797,18612.551020408162,9.326530612244898,4.36734693877551,7.204081632653061,0.58,20.12,1.06,142483.58,11695.86,0.14,6832.64,6.64,5.68,6.5,0.42857142857142855,22.836734693877553,1.2244897959183674,118726.87755102041,10928.877551020409,0.14285714285714285,7630.408163265306,7.6938775510204085,5.163265306122449,6.020408163265306,0.64,49.16,0.16,17476.52,7691.78,0.02,1920.22,15.48,4.5,2.48
58,EUW1_5526241718,0,0.3877551020408163,19.122448979591837,1.2448979591836735,112436.1836734694,10190.65306122449,0.3673469387755102,9916.489795918367,6.469387755102041,7.8979591836734695,5.040816326530612,0.6,26.52,0.74,172366.96,11781.4,1.42,22259.8,9.36,6.26,8.06,0.5306122448979592,18.755102040816325,1.653061224489796,150638.38775510204,11879.489795918367,0.02040816326530612,10033.469387755102,6.36734693877551,5.938775510204081,5.6938775510204085,0.52,22.22,1.52,130032.44,10991.88,0.08,8416.56,5.98,5.4,6.0,0.40816326530612246,43.285714285714285,0.1836734693877551,41577.489795918365,7678.3877551020405,0.02040816326530612,1219.9183673469388,13.16326530612245,6.510204081632653,2.2448979591836733,0.66,19.02,1.26,120235.48,10772.48,0.04,6226.68,7.64,3.26,4.48,0.5510204081632653,29.040816326530614,1.1020408163265305,142126.79591836734,11272.489795918367,1.510204081632653,21870.469387755104,6.836734693877551,5.918367346938775,7.877551020408164,0.56,19.8,0.84,130069.96,11764.72,0.1,5425.86,7.76,5.66,7.44,0.3673469387755102,21.20408163265306,1.6734693877551021,133716.97959183675,11425.897959183674,0.10204081632653061,8904.795918367347,6.224489795918367,6.469387755102041,6.081632653061225,0.64,49.16,0.16,17476.52,7691.78,0.02,1920.22,15.48,4.5,2.48
59,EUW1_5524737342,0,0.42,22.22,1.38,164955.04,11960.16,0.32,10030.34,6.2,8.78,5.3,0.6122448979591837,26.632653061224488,0.7755102040816326,143021.85714285713,12180.795918367347,1.2653061224489797,16999.428571428572,8.653061224489797,5.469387755102041,8.714285714285714,0.54,26.06,0.68,101843.9,10155.94,0.06,5596.3,8.5,4.58,4.74,0.5510204081632653,18.918367346938776,1.4285714285714286,126912.26530612246,10510.918367346938,0.1836734693877551,9307.69387755102,5.571428571428571,6.510204081632653,4.63265306122449,0.64,49.16,0.16,17476.52,7691.78,0.02,1920.22,15.48,4.5,2.48,0.5918367346938775,20.285714285714285,1.6122448979591837,146397.3673469388,11804.204081632653,0.061224489795918366,8670.755102040815,4.959183673469388,7.428571428571429,6.795918367346939,0.62,25.08,1.06,143597.96,11495.52,1.14,16593.88,9.88,4.44,7.62,0.4897959183673469,26.020408163265305,1.2653061224489797,126659.9387755102,11064.816326530612,0.10204081632653061,6679.65306122449,5.816326530612245,4.816326530612245,6.224489795918367,0.38,26.32,1.96,143128.8,11911.98,0.02,10862.76,6.4,6.5,6.6,0.5510204081632653,40.673469387755105,0.5510204081632653,54018.97959183674,10450.591836734693,0.0,1785.3265306122448,17.040816326530614,7.775510204081633,6.285714285714286
60,EUW1_5523436612,1,0.68,31.96,1.62,109892.64,10697.88,0.1,8173.08,6.76,3.0,4.5,0.46938775510204084,24.693877551020407,1.0,168675.04081632654,11942.020408163266,1.0816326530612246,21462.836734693876,7.551020408163265,4.530612244897959,7.755102040816326,0.48,14.96,1.3,142563.96,12479.24,0.14,8084.7,8.34,7.02,9.18,0.5918367346938775,14.306122448979592,1.3265306122448979,106685.30612244898,12147.163265306122,0.22448979591836735,8657.938775510203,9.326530612244898,5.551020408163265,7.73469387755102,0.56,48.58,0.16,24586.94,7650.66,0.0,1226.94,13.66,5.6,2.76,0.3877551020408163,17.081632653061224,2.36734693877551,131737.38775510204,11321.367346938776,0.02040816326530612,10509.755102040815,5.673469387755102,5.183673469387755,4.591836734693878,0.4,17.2,1.5,133632.94,10513.34,0.28,10216.12,5.36,7.36,4.58,0.4489795918367347,16.428571428571427,0.9591836734693877,125777.95918367348,10842.020408163266,0.0,5111.877551020408,4.938775510204081,6.571428571428571,5.469387755102041,0.46,23.24,1.22,138793.2,11175.32,0.2,8235.14,7.14,5.1,5.9,0.6530612244897959,48.6530612244898,0.16326530612244897,17367.775510204083,7662.3877551020405,0.02040816326530612,1846.2448979591836,15.428571428571429,4.489795918367347,2.4489795918367347
61,EUW1_5519902134,1,0.6,18.46,1.16,120194.28,11668.18,0.08,6061.62,7.1,5.24,7.58,0.5918367346938775,26.183673469387756,0.7142857142857143,171944.91836734695,11743.734693877552,1.4489795918367347,22410.04081632653,9.26530612244898,6.204081632653061,8.061224489795919,0.54,26.06,0.68,101843.9,10155.94,0.06,5596.3,8.5,4.58,4.74,0.4489795918367347,17.53061224489796,1.3673469387755102,127170.77551020408,11938.081632653062,0.10204081632653061,8852.102040816326,6.63265306122449,7.551020408163265,6.26530612244898,0.64,49.16,0.16,17476.52,7691.78,0.02,1920.22,15.48,4.5,2.48,0.5510204081632653,20.346938775510203,1.510204081632653,137687.0,11867.244897959185,0.2653061224489796,9110.122448979591,5.408163265306122,6.612244897959184,6.714285714285714,0.54,21.84,0.52,119161.6,10427.98,1.26,16957.92,8.36,5.18,6.64,0.5102040816326531,55.30612244897959,0.30612244897959184,43269.34693877551,8224.30612244898,0.04081632653061224,2921.2244897959185,11.857142857142858,5.26530612244898,2.5714285714285716,0.46,21.66,1.26,120015.12,11264.88,0.1,8065.18,7.64,7.08,7.38,0.46938775510204084,55.816326530612244,0.12244897959183673,28508.836734693876,7762.877551020408,0.0,743.8979591836735,12.857142857142858,5.551020408163265,2.4081632653061225
62,EUW1_5518337647,1,0.64,49.16,0.16,17476.52,7691.78,0.02,1920.22,15.48,4.5,2.48,0.4489795918367347,20.79591836734694,1.0,137756.2857142857,11411.714285714286,0.12244897959183673,8396.30612244898,4.877551020408164,4.163265306122449,5.877551020408164,0.4,24.8,1.34,123222.64,10860.54,0.12,7497.08,7.1,4.56,5.66,0.40816326530612246,14.89795918367347,1.0612244897959184,107194.83673469388,10654.387755102041,0.061224489795918366,5778.857142857143,6.816326530612245,7.428571428571429,6.061224489795919,0.7,24.28,0.88,49472.34,10534.24,0.06,3356.52,16.48,6.0,6.78,0.40816326530612246,22.693877551020407,1.4285714285714286,131445.2857142857,11229.979591836734,0.08163265306122448,7693.408163265306,6.408163265306122,7.122448979591836,5.795918367346939,0.62,29.14,0.8,130266.08,10760.16,1.54,21003.74,8.34,5.94,7.08,0.5306122448979592,21.755102040816325,0.3673469387755102,100847.85714285714,9553.183673469388,0.02040816326530612,3492.5102040816328,10.142857142857142,5.73469387755102,4.510204081632653,0.48,29.88,0.62,145506.56,11257.1,0.64,16385.82,7.38,5.98,7.7,0.46938775510204084,33.95918367346939,0.8367346938775511,90169.97959183673,10313.061224489797,0.10204081632653061,5855.367346938776,8.755102040816327,6.3061224489795915,6.204081632653061
63,EUW1_5515771078,0,0.52,22.06,1.5,122199.2,10791.78,0.08,9892.98,5.74,5.94,4.5,0.46938775510204084,28.591836734693878,1.1224489795918366,150018.26530612246,12324.918367346938,0.6326530612244898,16459.69387755102,8.26530612244898,5.918367346938775,8.346938775510203,0.56,22.98,0.76,153112.52,11481.8,0.84,16654.96,8.06,5.14,8.1,0.5510204081632653,28.632653061224488,1.6938775510204083,136000.77551020408,10984.408163265307,0.16326530612244897,10174.510204081633,7.387755102040816,4.510204081632653,4.755102040816326,0.3673469387755102,55.51020408163265,0.20408163265306123,25398.571428571428,7454.734693877551,0.0,1253.6122448979593,12.122448979591837,4.673469387755102,2.122448979591837,0.44,21.3,0.86,112900.22,10327.98,0.0,5652.66,4.6,4.92,4.64,0.5306122448979592,18.3265306122449,0.8571428571428571,136767.3469387755,12006.081632653062,1.1020408163265305,17211.85714285714,7.959183673469388,6.163265306122449,8.183673469387756,0.64,49.16,0.16,17476.52,7691.78,0.02,1920.22,15.48,4.5,2.48,0.3877551020408163,18.346938775510203,1.653061224489796,127469.30612244898,11110.673469387755,0.12244897959183673,8346.612244897959,6.020408163265306,5.040816326530612,5.408163265306122,0.42,25.06,0.68,103424.76,9842.76,0.6,8648.48,7.6,5.8,4.84
64,EUW1_5515593230,1,0.5306122448979592,15.204081632653061,1.183673469387755,99038.3469387755,10985.061224489797,0.08163265306122448,7275.7959183673465,7.73469387755102,5.0,5.8979591836734695,0.4583333333333333,26.458333333333332,0.7708333333333334,137869.10416666666,10797.354166666666,1.0416666666666667,19410.75,6.75,5.708333333333333,7.020833333333333,0.5510204081632653,23.612244897959183,1.1224489795918366,122849.32653061225,11922.469387755102,0.22448979591836735,9955.0,6.551020408163265,5.836734693877551,6.551020408163265,0.54,20.3,1.84,118015.62,10951.08,0.12,9478.56,6.08,5.08,6.9,0.5510204081632653,48.57142857142857,0.16326530612244897,24555.469387755104,7677.0,0.0,1240.408163265306,13.693877551020408,5.653061224489796,2.7755102040816326,0.38,19.3,1.24,111856.48,11370.76,0.16,8168.6,5.86,6.52,5.3,0.46938775510204084,21.857142857142858,0.7551020408163265,156224.73469387754,10997.775510204081,0.6938775510204082,17412.163265306124,6.387755102040816,4.346938775510204,6.918367346938775,0.64,49.16,0.16,17476.52,7691.78,0.02,1920.22,15.48,4.5,2.48,0.6530612244897959,15.285714285714286,1.3061224489795917,152559.24489795917,12964.387755102041,0.20408163265306123,8918.816326530612,9.285714285714286,7.591836734693878,7.918367346938775,0.54,56.94,0.48,33929.06,8230.08,0.02,3143.72,15.4,5.38,2.8
